제조사명;코드;제품명;규격;이월수량;단가;이월재고액;매입수량;단가;금액;매출수량;단가;금액;재고수량;단가;보험%;재고금액;보험단가;보험재고금액;차액(보험재고-재고);보험코드;코드;발주처명;표준코드;제품기타코드
(주)메디안스랩;08281;# 3차)랩) 아줄렌 앰플크림;50ml;875;3,300.00;2,887,500;6,459;3,300.00;21,314,700;6,953;6,039.65;41,993,676;381;3,300.00;86.80;1,257,300;25,000.00;9,525,000;8,267,700;;32067;(주)메디안스랩;;
(주)메디안스랩;08684;# 글루틴 비타씨 앰플 컴플렉스 시트마스크;30g;17,944;525.00;9,420,600;267,210;541.12;144,592,875;257,990;1,328.68;342,786,343;27,164;579.70;71.02;15,746,971;2,000.00;54,328,000;38,581,029;;30705;(주)헤븐코스;;8809412755131
(주)메디안스랩;08682;# 글리진 아줄렌 앰플 컴플렉스 시트마스크;30g;12,360;525.00;6,489,000;528,470;549.07;290,166,252;493,884;769.28;379,936,079;46,946;609.40;69.53;28,608,892;2,000.00;93,892,000;65,283,108;;30705;(주)헤븐코스;;8809412755117
(주)메디안스랩;08299;# 랩) 바이오 스템셀 앰플;1ml*10EA;1,927;9,500.00;18,306,500;15,957;9,597.47;153,146,829;14,327;16,963.23;243,032,189;3,557;9,890.10;73.97;35,179,086;38,000.00;135,166,000;99,986,914;;32067;(주)메디안스랩;;8809412754400
(주)메디안스랩;08137;# 랩) 비타 화이트닝 시트마스크;30g;112,875;410.10;46,290,038;114,694;408.45;46,846,314;213,170;623.81;132,978,216;14,399;403.70;79.82;5,812,876;2,000.00;28,798,000;22,985,124;;32067;(주)메디안스랩;;8809412752369
(주)메디안스랩;06791;# 랩) 비타씨 컴플렉스 앰플 47%;50ml;1,182;6,000.01;7,092,012;155,329;5,427.95;843,118,463;150,506;9,048.33;1,361,828,363;6,005;4,186.60;83.25;25,140,533;25,000.00;150,125,000;124,984,467;;32067;(주)메디안스랩;;8809412751959
(주)메디안스랩;06792;# 랩) 비타씨 컴플렉스 앰플 47%;150ml;2,197;12,000.00;26,364,000;35,308;10,808.40;381,622,922;34,911;32,113.72;1,121,122,017;2,594;6,801.30;88.27;17,642,572;58,000.00;150,452,000;132,809,428;;32067;(주)메디안스랩;;8809412751966
(주)메디안스랩;09225;# 랩) 비타씨 컴플렉스 앰플 47%;80ml;;0.00;;30,918;7,788.12;240,793,209;28,672;22,607.25;648,195,204;2,246;5,809.10;79.25;13,047,239;28,000.00;62,888,000;49,840,761;;32067;(주)메디안스랩;;8809412755612
(주)메디안스랩;06713;# 랩) 아줄렌 컴플렉스 앰플 72%;50ml;888;9,000.00;7,992,000;53,206;6,605.01;351,426,099;46,148;11,064.91;510,623,283;7,946;3,967.70;86.32;31,527,344;29,000.00;230,434,000;198,906,656;;32067;(주)메디안스랩;;8809412751911
(주)메디안스랩;06783;# 랩) 아줄렌 컴플렉스 앰플 72%;150ml;2,559;20,000.00;51,180,000;46,910;16,470.47;772,629,515;46,152;42,407.03;1,957,169,334;3,317;6,212.80;90.59;20,607,858;66,000.00;218,922,000;198,314,142;;32067;(주)메디안스랩;;8809412751928
(주)메디안스랩;09227;# 랩) 아줄렌 컴플렉스 앰플 72%;80ml;;0.00;;53,227;8,897.29;473,575,828;50,396;26,153.22;1,318,017,641;2,831;5,481.30;82.87;15,517,560;32,000.00;90,592,000;75,074,440;;32067;(주)메디안스랩;;8809412755599
(주)메디안스랩;07879;# 랩) 아쿠아 모이스춰 솔루션 HYD;520g;628;7,000.00;4,396,000;29,560;6,435.53;190,234,234;28,795;14,086.20;405,612,178;1,393;4,140.40;85.72;5,767,577;29,000.00;40,397,000;34,629,423;;32067;(주)메디안스랩;;8809412751706
(주)메디안스랩;07696;# 랩) 아쿠아 필링 솔루션 AHA;520g;4,892;7,000.00;34,244,000;54,618;6,397.19;349,401,655;57,864;14,319.97;828,610,850;1,646;4,116.20;85.81;6,775,265;29,000.00;47,734,000;40,958,735;;32067;(주)메디안스랩;;8809412751867
(주)메디안스랩;07697;# 랩) 아쿠아 필링 솔루션 BHA;520g;4,552;7,000.00;31,864,000;54,425;6,375.45;346,983,997;56,328;11,343.51;638,957,384;2,649;4,238.30;85.39;11,227,257;29,000.00;76,821,000;65,593,743;;32067;(주)메디안스랩;;8809412751515
(주)메디안스랩;06790;# 랩) 아크넥스 감마 크리스탈세럼;500ml;1,583;12,650.00;20,024,950;5,343;10,103.03;53,980,498;6,023;28,971.13;174,493,105;903;5,896.00;87.18;5,324,088;46,000.00;41,538,000;36,213,912;;32067;(주)메디안스랩;;8809412751843
(주)메디안스랩;09228;# 랩) 아크넥스 감마 크리스탈세럼;80ml;;0.00;;11,926;5,541.56;66,088,650;11,575;15,004.58;173,678,009;351;2,355.10;88.79;826,640;21,000.00;7,371,000;6,544,360;;32067;(주)메디안스랩;;8809412755643
(주)메디안스랩;06756;# 랩) 아크넥스 델타 액티브크림;500ml;1,333;10,720.00;14,289,760;5,915;9,283.62;54,912,641;6,544;33,641.54;220,150,206;704;6,457.00;88.47;4,545,728;56,000.00;39,424,000;34,878,272;;32067;(주)메디안스랩;;8809412751850
(주)메디안스랩;09220;# 랩) 아크넥스 델타 액티브크림;80ml;;0.00;;17,830;5,301.14;94,519,300;17,512;14,084.81;246,653,110;318;2,439.80;88.91;775,856;22,000.00;6,996,000;6,220,144;;32067;(주)메디안스랩;;8809412755629
(주)메디안스랩;06988;# 랩) 아크넥스 베타 후레쉬토너;1200ml;359;11,360.00;4,078,240;6,819;10,242.21;69,841,646;6,321;23,492.95;148,498,952;857;7,437.10;79.90;6,373,595;37,000.00;31,709,000;25,335,405;;32067;(주)메디안스랩;;8809412751836
(주)메디안스랩;09229;# 랩) 아크넥스 베타 후레쉬토너;200ml;;0.00;;13,611;4,867.49;66,251,347;12,927;11,598.85;149,938,316;684;4,392.30;70.72;3,004,333;15,000.00;10,260,000;7,255,667;;32067;(주)메디안스랩;;8809412755803
(주)메디안스랩;06722;# 랩) 아크넥스 알파 클렌징폼;1200ml;247;12,870.00;3,178,890;7,019;12,306.95;86,382,450;6,946;23,309.55;161,908,158;320;8,910.00;77.73;2,851,200;40,000.00;12,800,000;9,948,800;;32067;(주)메디안스랩;;8809412751829
(주)메디안스랩;09224;# 랩) 아크넥스 알파 클렌징폼;200ml;;0.00;;21,188;4,996.72;105,870,600;19,729;12,142.91;239,567,540;1,459;2,825.90;83.38;4,122,988;17,000.00;24,803,000;20,680,012;;32067;(주)메디안스랩;;8809412755650
(주)메디안스랩;08138;# 랩) 엔자임 파우더 워시;50g;3,754;3,180.00;11,937,720;57,753;3,247.82;187,571,148;60,170;6,069.91;365,226,221;1,337;3,572.80;60.30;4,776,834;9,000.00;12,033,000;7,256,166;;32067;(주)메디안스랩;;8809412751508
(주)메디안스랩;07878;# 랩) 워터맥스 밀크클렌져;1200ml;3,520;13,500.00;47,520,000;22,504;12,313.92;277,112,546;24,703;30,280.51;748,019,316;1,321;9,957.20;78.35;13,153,461;46,000.00;60,766,000;47,612,539;;32067;(주)메디안스랩;;8809412751492
(주)메디안스랩;06717;# 랩) 워터맥스 인퓨젼미스트;1200ml;2,609;10,500.00;27,394,500;30,914;9,720.80;300,508,900;31,560;28,192.39;889,751,795;1,963;7,254.50;81.40;14,240,584;39,000.00;76,557,000;62,316,416;;32067;(주)메디안스랩;;8809412751607
(주)메디안스랩;09231;# 랩) 워터맥스 인퓨젼미스트;200ml;;0.00;;11,500;6,972.12;80,179,359;10,659;12,427.87;132,468,631;841;4,248.20;78.76;3,572,736;20,000.00;16,820,000;13,247,264;;32067;(주)메디안스랩;;8809412755797
(주)메디안스랩;06788;# 랩) 워터맥스 하이드레이팅 모이스춰라이져;500ml;2,173;10,500.00;22,816,500;10,049;9,580.60;96,275,434;11,876;29,807.55;353,994,449;346;5,910.30;87.15;2,044,964;46,000.00;15,916,000;13,871,036;;32067;(주)메디안스랩;;8809412751782
(주)메디안스랩;06787;# 랩) 워터맥스 하이드레이팅 크림;500ml;1,941;11,000.00;21,351,000;25,374;10,244.91;259,954,303;26,498;38,901.36;1,030,808,342;817;7,005.90;87.92;5,723,820;58,000.00;47,386,000;41,662,180;;32067;(주)메디안스랩;;8809412751805
(주)메디안스랩;09223;# 랩) 워터맥스 하이드레이팅 크림;80ml;;0.00;;15,668;5,842.92;91,546,838;14,899;16,624.62;247,690,155;769;2,621.30;91.81;2,015,780;32,000.00;24,608,000;22,592,220;;32067;(주)메디안스랩;;8809412755674
(주)메디안스랩;06687;# 랩) 이온토C;1.5g*vial;62,825;1,590.00;99,891,750;310,231;1,476.38;458,020,143;354,191;3,888.15;1,377,149,230;18,865;1,086.80;78.26;20,502,482;5,000.00;94,325,000;73,822,518;;32067;(주)메디안스랩;;8809412751522
(주)메디안스랩;06753;# 랩) 이온토P;20ml*vial;17,666;2,610.00;46,108,260;79,838;2,216.50;176,960,984;93,083;5,230.58;486,878,184;4,421;1,036.20;85.20;4,581,040;7,000.00;30,947,000;26,365,960;;32067;(주)메디안스랩;;8809412752253
(주)메디안스랩;06990;# 랩) 이온토V;20ml*vial;6,860;2,307.00;15,826,020;192,460;2,173.81;418,372,092;197,530;3,601.72;711,447,600;1,790;1,034.00;82.77;1,850,860;6,000.00;10,740,000;8,889,140;;32067;(주)메디안스랩;;8809412752550
(주)메디안스랩;06712;# 랩) 이지에프 컴플렉스 앰플 50%;50ml;971;9,000.00;8,739,000;29,532;8,673.06;256,132,800;28,604;11,078.93;316,901,768;1,899;5,781.60;80.06;10,979,258;29,000.00;55,071,000;44,091,742;;32067;(주)메디안스랩;;8809412751973
(주)메디안스랩;06785;# 랩) 이지에프 컴플렉스 앰플 50%;150ml;2,805;20,000.00;56,100,000;32,198;17,893.28;576,127,846;33,980;42,945.23;1,459,278,932;1,023;11,584.10;82.45;11,850,534;66,000.00;67,518,000;55,667,466;;32067;(주)메디안스랩;;8809412751980
(주)메디안스랩;09226;# 랩) 이지에프 컴플렉스 앰플 50%;80ml;;0.00;;26,652;10,662.58;284,179,055;25,089;25,404.50;637,373,551;1,563;8,358.90;73.88;13,064,961;32,000.00;50,016,000;36,951,039;;32067;(주)메디안스랩;;8809412755582
(주)메디안스랩;07948;# 랩) 클리어로션;1200ml;2,597;18,000.00;46,746,000;14,886;16,948.30;252,292,442;16,833;50,089.30;843,153,166;650;13,974.40;81.37;9,083,360;75,000.00;48,750,000;39,666,640;;32067;(주)메디안스랩;;8809412754363
(주)메디안스랩;07952;# 랩) 포스트 쿨링 시트마스크;30g;97,368;410.10;39,930,617;319,570;408.30;130,479,657;391,304;734.25;287,314,756;25,634;403.70;79.82;10,348,446;2,000.00;51,268,000;40,919,554;;32067;(주)메디안스랩;;8809412752352
(주)메디안스랩;07090;# 랩) 포스트케어 히스토셀크림;500ml;2,340;18,700.00;43,758,000;26,908;15,572.29;419,019,129;26,806;37,185.78;996,802,043;2,442;7,591.10;86.91;18,537,466;58,000.00;141,636,000;123,098,534;;32067;(주)메디안스랩;;8809412751768
(주)메디안스랩;07092;# 랩) 포스트케어 히스토셀크림;12ml;13,965;1,710.01;23,880,290;71,582;1,607.68;115,080,859;82,672;4,001.74;330,831,699;2,875;1,239.70;79.34;3,564,138;6,000.00;17,250,000;13,685,862;;32067;(주)메디안스랩;;8809412752161
(주)메디안스랩;07093;# 랩) 포스트케어 히스토셀크림;50ml;4,726;6,240.00;29,490,240;101,417;5,234.23;530,839,680;99,142;13,511.00;1,339,507,290;7,001;1,989.90;91.71;13,931,290;24,000.00;168,024,000;154,092,710;;32067;(주)메디안스랩;;8809412751614
(주)메디안스랩;06685;# 랩) 프리미엄 리뉴얼에센스;500ml;2,363;18,520.00;43,762,760;7,812;15,320.31;119,682,283;9,590;43,780.95;419,859,273;585;5,889.40;91.08;3,445,299;66,000.00;38,610,000;35,164,701;;32067;(주)메디안스랩;;8809412751621
(주)메디안스랩;07139;# 랩) 프리미엄 아이크림;250g;1,696;13,650.00;23,150,400;7,434;11,445.42;85,085,250;8,192;34,679.12;284,091,344;938;5,435.10;90.12;5,098,124;55,000.00;51,590,000;46,491,876;;32067;(주)메디안스랩;;8809412752208
(주)메디안스랩;07880;# 랩) 프리미엄 에너자이징솔루션;1200ml;1,885;15,600.00;29,406,000;2,531;11,887.53;30,087,339;3,960;24,257.23;96,058,634;456;6,342.60;86.21;2,892,226;46,000.00;20,976,000;18,083,774;;32067;(주)메디안스랩;;8809412751683
(주)메디안스랩;06706;# 랩) 프리미엄 타임리스크림;500g;2,363;18,520.00;43,762,760;8,934;16,843.86;150,483,007;10,596;47,077.73;498,835,660;701;10,314.70;85.67;7,230,605;72,000.00;50,472,000;43,241,395;;32067;(주)메디안스랩;;8809412751645
(주)메디안스랩;07058;# 랩) 히스토 라이트닝크림마스크;250g;2,276;5,500.00;12,518,000;14,351;4,866.38;69,837,350;16,032;15,319.35;245,599,874;595;3,479.30;88.00;2,070,184;29,000.00;17,255,000;15,184,816;;32067;(주)메디안스랩;;8809412752642
(주)메디안스랩;07170;# 랩) 히스토 모이스춰라이징크림마스크;250g;1,463;7,000.00;10,241,000;12,853;6,422.36;82,546,601;13,087;15,886.73;207,909,690;1,229;4,820.20;83.38;5,924,026;29,000.00;35,641,000;29,716,974;;32067;(주)메디안스랩;;8809412753120
(주)메디안스랩;07138;# 랩) 히스토 세범캐치크림마스크;250g;1,243;6,000.01;7,458,012;11,916;5,566.91;66,335,242;12,597;15,641.36;197,034,190;562;3,414.40;88.23;1,918,893;29,000.00;16,298,000;14,379,107;;32067;(주)메디안스랩;;8809412752765
(주)메디안스랩;06786;# 랩) 히스토 알로에 베라 젤;1200ml;2,386;16,000.00;38,176,000;37,888;14,250.05;539,905,936;38,395;37,669.26;1,446,311,118;1,879;9,905.50;83.21;18,612,435;59,000.00;110,861,000;92,248,565;;32067;(주)메디안스랩;;8809412752383
(주)메디안스랩;08245;# 랩) 히스토 컨덕티브 젤;500ml;1,444;4,400.00;6,353,600;13,717;5,862.07;80,410,066;14,788;10,610.63;156,909,963;373;5,966.40;60.22;2,225,467;15,000.00;5,595,000;3,369,533;;32067;(주)메디안스랩;;8809412754417
(주)메디안스랩;07056;# 랩) 히스토 포인트리무버;280ml;2,551;6,001.00;15,308,551;7,947;5,796.09;46,061,527;9,408;18,649.22;175,451,875;1,090;5,168.90;82.18;5,634,101;29,000.00;31,610,000;25,975,899;;32067;(주)메디안스랩;;8809412752215
(주)메디안스랩;08379;# 랩) 히스토 HQ 크림(고주파크림);1100ml;3,199;12,000.00;38,388,000;6,968;12,478.57;86,950,681;9,577;15,919.97;152,465,526;590;13,700.50;31.50;8,083,295;20,000.00;11,800,000;3,716,705;;32067;(주)메디안스랩;;8809412754561
(주)메디안스랩;06715;# 랩) 히알루론 컴플렉스 앰플 62%;50ml;1,131;6,000.01;6,786,011;225,849;5,290.60;1,194,875,848;216,590;9,018.94;1,953,411,883;10,390;3,743.30;85.03;38,892,887;25,000.00;259,750,000;220,857,113;;32067;(주)메디안스랩;;8809412751935
(주)메디안스랩;06755;# 랩) 히알루론 컴플렉스 앰플 62%;150ml;1,518;12,000.00;18,216,000;39,374;10,335.87;406,964,724;38,874;31,437.93;1,222,118,032;2,018;5,557.20;90.42;11,214,430;58,000.00;117,044,000;105,829,570;;32067;(주)메디안스랩;;8809412751942
(주)메디안스랩;09222;# 랩) 히알루론 컴플렉스 앰플 62%;80ml;;0.00;;27,218;7,480.50;203,604,259;25,606;22,978.10;588,377,104;1,612;5,124.90;81.70;8,261,339;28,000.00;45,136,000;36,874,661;;32067;(주)메디안스랩;;8809412755605
(주)메디안스랩;08764;# 랩)에이씨 수딩 시트마스크;30g;66,579;410.00;27,297,390;67,083;409.24;27,452,811;124,305;721.83;89,727,278;9,357;403.70;79.82;3,777,421;2,000.00;18,714,000;14,936,579;;32067;(주)메디안스랩;;8809412752376
(주)메디안스랩;09435;# 레드아웃 히스토 케이크림;500ml;;0.00;;15,001;16,218.41;243,292,416;13,669;36,705.30;501,724,678;1,332;8,173.00;85.91;10,886,436;58,000.00;77,256,000;66,369,564;;32067;(주)메디안스랩;;8809412756152
(주)메디안스랩;09473;# 레드아웃 히스토 케이크림;50ml;;0.00;;39,750;5,261.39;209,140,096;37,352;9,445.97;352,825,914;2,398;2,048.20;91.47;4,911,584;24,000.00;57,552,000;52,640,416;;32067;(주)메디안스랩;;8809412756374
(주)메디안스랩;09474;# 레드아웃 히스토 케이크림;12ml;;0.00;;39,031;1,702.20;66,438,450;35,383;3,663.79;129,635,761;3,648;1,144.00;80.93;4,173,312;6,000.00;21,888,000;17,714,688;;32067;(주)메디안스랩;;8809412756367
(주)메디안스랩;07440;# 리커버리 리차지 아이크림;30g;309;6,050.00;1,869,450;4,951;5,393.69;26,704,150;4,785;8,247.10;39,462,363;475;2,800.60;88.33;1,330,285;24,000.00;11,400,000;10,069,715;;32067;(주)메디안스랩;;8809412753328
(주)메디안스랩;07441;# 리커버리 리차지 아이크림;250g;622;14,300.00;8,894,600;4,217;14,300.00;60,303,100;4,640;26,562.89;123,251,796;199;14,300.00;74.00;2,845,700;55,000.00;10,945,000;8,099,300;;32067;(주)메디안스랩;;8809412753335
(주)메디안스랩;07434;# 리커버리 부스터 솔루션;140ml;1,069;8,800.00;9,407,200;2,651;6,767.49;17,940,604;2,993;10,707.01;32,046,091;727;3,954.50;82.03;2,874,922;22,000.00;15,994,000;13,119,078;;32067;(주)메디안스랩;;8809412753281
(주)메디안스랩;10005;# 리커버리 부스터 솔루션;1000ml;;0.00;;1,433;8,175.75;11,715,845;896;19,076.71;17,092,732;537;5,714.50;87.58;3,068,687;46,000.00;24,702,000;21,633,313;;32067;(주)메디안스랩;;8809412757029
(주)메디안스랩;07438;# 리커버리 액티브 볼륨 크림;50g;825;9,900.00;8,167,500;2,517;8,657.31;21,790,450;3,144;16,673.78;52,422,375;198;3,644.30;89.28;721,571;34,000.00;6,732,000;6,010,429;;32067;(주)메디안스랩;;8809412753342
(주)메디안스랩;07436;# 리커버리 인텐시브 볼륨 에센스;50ml;924;8,800.00;8,131,200;2,497;6,257.71;15,625,500;2,594;16,264.23;42,189,403;827;2,451.90;92.09;2,027,721;31,000.00;25,637,000;23,609,279;;32067;(주)메디안스랩;;8809412753304
(주)메디안스랩;07437;# 리커버리 인텐시브 볼륨 에센스;500ml;871;22,000.00;19,162,000;4,991;20,412.23;101,877,424;5,632;32,159.66;181,123,190;230;5,456.00;91.73;1,254,880;66,000.00;15,180,000;13,925,120;;32067;(주)메디안스랩;;8809412753311
(주)메디안스랩;04504;# 마일드 알라(MILD ALA);1ml*10ea;588;46,000.00;27,048,000;5,312;42,715.93;226,906,994;5,890;88,461.07;521,035,717;10;29,063.10;80.36;290,631;148,000.00;1,480,000;1,189,369;;32067;(주)메디안스랩;;8809412751874
(주)메디안스랩;08683;# 살먼 링클 앰플 컴플렉스 시트마스크;30g;14,329;525.00;7,522,725;346,678;559.16;193,849,950;346,137;667.82;231,158,382;14,870;623.70;68.82;9,274,419;2,000.00;29,740,000;20,465,581;;30705;(주)헤븐코스;;8809412755124
(주)메디안스랩;09978;# 샘플 - 아줄렌디엔에이크림&톤업크림;1ml;;0.00;;332,272;135.31;44,960,324;287,946;0.22;64,017;44,326;149.60;0.00;6,631,170;0.00;;-6,631,170;;32067;(주)메디안스랩;;
(주)메디안스랩;10422;# 샘플 - 히스토랩 14종;;;0.00;;;0.00;;160;0.00;;-160;.00;0.00;;0.00;;;;32067;(주)메디안스랩;;
(주)메디안스랩;08881;# 세라클레스 워터크림;80g;811;3,960.00;3,211,560;29,989;3,767.21;112,974,993;30,245;8,980.84;271,625,502;555;2,995.30;78.61;1,662,392;14,000.00;7,770,000;6,107,608;;32067;(주)메디안스랩;;8809412755308
(주)메디안스랩;07461;# 아오와 릴렉싱큐어 쿨링 시트마스크;30g;13,647;550.00;7,505,850;64,037;503.87;32,266,553;67,606;671.97;45,429,036;10,078;403.70;79.82;4,068,489;2,000.00;20,156,000;16,087,511;;32067;(주)메디안스랩;;8809412753533
(주)메디안스랩;10423;# 아오와 비타민 케이크림;80g;;0.00;;10,517;2,414.50;25,393,296;9,205;8,964.26;82,515,970;1,312;2,414.50;87.93;3,167,824;20,000.00;26,240,000;23,072,176;;32067;(주)메디안스랩;;8809412757265
(주)메디안스랩;09126;# 아오와 샤이닝 세라마이드 워터 크림;200g;;0.00;;28,453;5,430.63;154,517,660;26,993;12,886.86;347,854,880;1,460;4,345.00;82.62;6,343,700;25,000.00;36,500,000;30,156,300;;32067;(주)메디안스랩;;8809412755469
(주)메디안스랩;08368;# 아오와 아쿠아 솔루션 앰플세트;;722;32,450.00;23,428,900;4,357;28,650.21;124,828,957;4,539;51,771.64;234,991,459;540;21,241.00;64.00;11,470,140;59,000.00;31,860,000;20,389,860;;32067;(주)메디안스랩;;8809412753816
(주)메디안스랩;10338;# 아오와 알로에 플러스 젤;1000ml;;0.00;;1,480;10,687.78;15,817,912;1,370;32,555.93;44,601,630;110;8,440.30;85.69;928,433;59,000.00;6,490,000;5,561,567;;32067;(주)메디안스랩;;8809412757128
(주)메디안스랩;09539;# 아오와 엘라줄렌 펩타블루 카밍앰플;50ml;;0.00;;45,404;11,306.91;513,378,824;43,634;3,848.41;167,921,695;1,770;4,048.00;94.38;7,164,960;72,000.00;127,440,000;120,275,040;;32067;(주)메디안스랩;;8809412756503
(주)메디안스랩;09689;# 아오와 엘라줄렌 펩타블루 카밍앰플;150ml;;0.00;;5,351;36,300.00;194,241,300;4,976;19,391.30;96,491,099;375;36,300.00;77.87;13,612,500;164,000.00;61,500,000;47,887,500;;32067;(주)메디안스랩;;
(주)메디안스랩;09540;# 아오와 엘라줄렌 펩타블루 항노화크림;50g;;0.00;;95,888;6,923.50;663,880,557;90,426;3,632.09;328,435,378;5,462;2,701.60;94.70;14,756,139;51,000.00;278,562,000;263,805,861;;32067;(주)메디안스랩;;8809412756497
(주)메디안스랩;08989;# 아오와 이온스 브이 솔루션;20ml;19,036;2,307.00;43,916,052;20,400;2,084.24;42,518,429;35,671;2,739.93;97,735,966;3,765;1,271.60;78.81;4,787,574;6,000.00;22,590,000;17,802,426;;32067;(주)메디안스랩;;8809412755377
(주)메디안스랩;08988;# 아오와 이온스 씨 솔루션;1.5g;19,627;1,590.00;31,206,930;25,145;1,481.99;37,264,632;38,518;2,331.53;89,805,982;6,254;1,305.70;73.89;8,165,848;5,000.00;31,270,000;23,104,152;;32067;(주)메디안스랩;;8809412755360
(주)메디안스랩;09125;# 아오와 펩타이드 하이드로겔 멀티 크림;200g;;0.00;;34,663;5,716.09;198,136,900;32,597;13,208.75;430,565,555;2,066;5,159.00;79.36;10,658,494;25,000.00;51,650,000;40,991,506;;32067;(주)메디안스랩;;8809412755452
(주)메디안스랩;07726;# 아오와 프리미엄 테라피 마사지 크림;1000ml;;0.00;;3,670;14,550.42;53,400,039;3,276;15,979.05;52,347,359;394;17,229.30;31.08;6,788,344;25,000.00;9,850,000;3,061,656;;32067;(주)메디안스랩;;8809412753939
(주)메디안스랩;09987;# 아줄렌 카밍앰플 80%;5ml*8ea;;0.00;;2,005;24,511.57;49,145,697;1,473;41,838.10;61,627,520;532;10,283.90;92.81;5,471,035;143,000.00;76,076,000;70,604,965;;32067;(주)메디안스랩;;
(주)메디안스랩;08681;# 아쿠아 히알루론 앰플 컴플렉스 시트마스크;30g;40,469;525.00;21,246,225;624,459;535.38;334,321,337;661,452;896.37;592,904,839;3,476;565.40;71.73;1,965,330;2,000.00;6,952,000;4,986,670;;30705;(주)헤븐코스;;8809412755100
(주)메디안스랩;09230;# 아크넥스 오메가 스팟솔루션;20ml;;0.00;;14,034;2,500.00;35,085,000;12,777;6,521.37;83,323,492;1,257;2,500.00;72.22;3,142,500;9,000.00;11,313,000;8,170,500;;32067;(주)메디안스랩;;8809412755827
(주)메디안스랩;06862;# 아크넥스앰플세트;;1,470;40,310.00;59,255,700;14,270;34,345.61;490,111,789;14,871;50,002.17;743,582,224;869;17,784.80;67.07;15,454,991;54,000.00;46,926,000;31,471,009;;32067;(주)메디안스랩;;8809412752321
(주)메디안스랩;05075;# 알라 엠(ALA-M);1ml*10ea;198;78,000.00;15,444,000;2,529;75,337.08;190,527,472;2,191;154,844.91;339,265,207;536;64,769.10;75.56;34,716,238;265,000.00;142,040,000;107,323,762;;32067;(주)메디안스랩;;8809412751881
(주)메디안스랩;08883;# 애니타임 시카 세이프 크림;50g;378;4,400.00;1,663,200;33,420;4,091.99;136,754,285;32,904;10,516.57;346,037,239;894;2,567.40;83.95;2,295,256;16,000.00;14,304,000;12,008,744;;32067;(주)메디안스랩;;8809412755315
(주)메디안스랩;08884;# 애니타임 시카 세이프 크림;250g;2,343;9,350.00;21,907,050;10,015;8,478.39;84,911,124;11,993;21,078.06;252,789,192;365;6,350.30;81.86;2,317,860;35,000.00;12,775,000;10,457,140;;32067;(주)메디안스랩;;8809412755322
(주)메디안스랩;07894;# 워터맥스 폼클렌져;1200ml;2,201;11,700.00;25,751,700;41,000;11,095.87;454,930,851;42,477;28,675.22;1,218,037,518;724;10,051.80;76.07;7,277,503;42,000.00;30,408,000;23,130,497;;32067;(주)메디안스랩;;8809412751713
(주)메디안스랩;09221;# 워터맥스 폼클렌져;200ml;;0.00;;32,871;5,542.38;182,183,643;31,306;14,973.26;468,752,863;1,565;3,015.10;87.44;4,718,632;24,000.00;37,560,000;32,841,368;;32067;(주)메디안스랩;;8809412755667
(주)메디안스랩;09559;# 워터맥스 하이드레이팅 모이스춰라이져;80ml;;0.00;;6,654;6,992.41;46,527,470;6,032;16,569.18;99,945,268;622;2,680.70;91.06;1,667,395;30,000.00;18,660,000;16,992,605;;32067;(주)메디안스랩;;8809412756510
(주)메디안스랩;06861;# 워터맥스앰플세트;;1,467;31,620.00;46,386,540;9,323;28,713.07;267,691,983;10,056;53,748.76;540,497,551;734;16,483.50;72.06;12,098,889;59,000.00;43,306,000;31,207,111;;32067;(주)메디안스랩;;8809412752338
(주)메디안스랩;08377;# 인텐-큐어 바이탈 컴플렉스 앰플;150ml;1,718;15,400.00;26,457,200;9,078;14,337.98;130,160,184;10,456;23,740.31;248,228,726;340;6,094.00;89.84;2,071,960;60,000.00;20,400,000;18,328,040;;32067;(주)메디안스랩;;8809412753793
(주)메디안스랩;07473;# 인텐-큐어 쉴드 플러스 선 크림;50ml;483;10,450.00;5,047,350;11,503;8,635.09;99,329,450;10,842;11,577.48;125,523,044;1,144;4,367.00;81.01;4,995,848;23,000.00;26,312,000;21,316,152;;32067;(주)메디안스랩;;8809412753694
(주)메디안스랩;07463;# 인텐-큐어 엔자임 워시 파우더;50g;256;4,950.00;1,267,200;15,951;4,597.83;73,340,011;14,991;5,974.68;89,566,410;1,216;3,734.50;62.28;4,541,152;9,900.00;12,038,400;7,497,248;;32067;(주)메디안스랩;;8809412753809
(주)메디안스랩;07465;# 인텐-큐어 카밍 컴플렉스 앰플;150ml;1,739;19,800.00;34,432,200;10,577;17,687.69;187,082,676;12,073;37,711.29;455,288,438;243;7,276.50;89.30;1,768,190;68,000.00;16,524,000;14,755,810;;32067;(주)메디안스랩;;8809412753731
(주)메디안스랩;07467;# 인텐-큐어 프리미엄 컴플렉스 앰플;150ml;758;19,800.00;15,008,400;8,554;18,979.95;162,354,500;9,110;34,268.49;312,185,935;202;12,785.30;81.20;2,582,631;68,000.00;13,736,000;11,153,369;;32067;(주)메디안스랩;;8809412753755
(주)메디안스랩;07469;# 인텐-큐어 하이드로 컴플렉스 앰플;150ml;556;15,400.00;8,562,400;6,393;11,956.26;76,436,360;6,566;31,770.19;208,603,060;383;7,062.00;88.23;2,704,746;60,000.00;22,980,000;20,275,254;;32067;(주)메디안스랩;;8809412753779
(주)메디안스랩;08238;# 카운터액티브 버블클리어II;150ml;1,953;4,800.00;9,374,400;7,856;4,304.49;33,816,112;8,912;8,996.96;80,180,913;897;2,801.70;81.32;2,513,125;15,000.00;13,455,000;10,941,875;;32067;(주)메디안스랩;;8809412752154
(주)메디안스랩;07477;# 컨트롤 클리니컬 토너;140ml;845;7,590.00;6,413,550;4,124;6,215.63;25,633,255;4,096;11,531.48;47,232,958;873;4,455.00;70.30;3,889,215;15,000.00;13,095,000;9,205,785;;32067;(주)메디안스랩;;8809412753434
(주)메디안스랩;10455;# 컨트롤 클리니컬 토너;1000ml;;0.00;;1,035;37,000.00;38,295,000;342;18,494.81;6,325,224;693;37,000.00;0.00;25,641,000;37,000.00;25,641,000;;;32067;(주)메디안스랩;;
(주)메디안스랩;07481;# 컨트롤 클리어 세럼;50ml;359;7,700.00;2,764,300;4,027;6,473.53;26,068,900;3,583;15,665.53;56,129,578;803;2,761.00;87.45;2,217,083;22,000.00;17,666,000;15,448,917;;32067;(주)메디안스랩;;8809412753472
(주)메디안스랩;10445;# 컨트롤 클리어 세럼/신용기;500ml;;0.00;;693;6,300.80;4,366,454;318;18,993.71;6,040,000;375;6,300.80;86.30;2,362,800;46,000.00;17,250,000;14,887,200;;32067;(주)메디안스랩;;8809412753489
(주)메디안스랩;07485;# 컨트롤 클리어 스팟;30ml;2,441;5,280.00;12,888,480;9,535;3,605.32;34,376,727;10,779;6,990.64;75,352,141;1,197;2,203.30;87.76;2,637,350;18,000.00;21,546,000;18,908,650;;32067;(주)메디안스랩;;8809412753496
(주)메디안스랩;07483;# 컨트롤 클리어 크림;50ml;514;7,700.00;3,957,800;4,550;6,645.69;30,237,900;4,288;16,317.17;69,968,004;776;2,902.90;88.39;2,252,650;25,000.00;19,400,000;17,147,350;;32067;(주)메디안스랩;;8809412753496
(주)메디안스랩;07479;# 컨트롤 클리어링 폼클렌저;150ml;1,005;7,920.00;7,959,600;3,996;7,920.00;31,648,320;4,597;10,343.04;47,546,946;404;7,920.00;47.20;3,199,680;15,000.00;6,060,000;2,860,320;;32067;(주)메디안스랩;;8809412753441
(주)메디안스랩;07480;# 컨트롤 클리어링 폼클렌저;480ml;469;10,450.00;4,901,050;3,736;8,468.84;31,639,581;3,201;14,206.11;45,473,752;1,004;5,397.70;80.72;5,419,291;28,000.00;28,112,000;22,692,709;;32067;(주)메디안스랩;;8809412753465
(주)메디안스랩;10424;# 트리플 모이스처라이저 올오버 크림;200ml;;0.00;;4,946;4,177.80;20,663,399;3,995;15,567.30;62,191,364;951;4,177.80;83.93;3,973,088;26,000.00;24,726,000;20,752,912;;32067;(주)메디안스랩;;
(주)메디안스랩;09345;# 프리미엄 리뉴얼에센스;80ml;;0.00;;7,898;9,739.68;76,924,000;6,762;16,666.83;112,701,123;1,136;3,084.40;90.36;3,503,878;32,000.00;36,352,000;32,848,122;;32067;(주)메디안스랩;;8809412756145
(주)메디안스랩;09347;# 프리미엄 아이크림;50g;;0.00;;13,847;8,077.91;111,854,800;12,294;13,769.79;169,285,748;1,553;3,346.20;86.62;5,196,649;25,000.00;38,825,000;33,628,351;;32067;(주)메디안스랩;;8809412756121
(주)메디안스랩;09344;# 프리미엄 에너자이징솔루션;200ml;;0.00;;5,337;8,828.02;47,115,156;4,956;12,193.63;60,431,629;381;4,398.90;80.01;1,675,981;22,000.00;8,382,000;6,706,019;;32067;(주)메디안스랩;;8809412755780
(주)메디안스랩;09346;# 프리미엄 타임리스크림;80g;;0.00;;11,933;10,291.86;122,812,750;10,498;16,770.52;176,056,963;1,435;3,846.70;89.01;5,520,015;35,000.00;50,225,000;44,704,985;;32067;(주)메디안스랩;;8809412756138
(주)메디안스랩;05922;# 프리미엄덕용세트_4종;;;0.00;;;0.00;;1;47,415,000.00;47,415,000;-1;66,290.00;54.28;-66,290;145,000.00;-145,000;-78,710;;32067;(주)메디안스랩;;
(주)메디안스랩;06714;# 프리미엄앰플세트;;781;39,000.01;30,459,008;20,032;35,690.84;714,958,837;19,890;62,576.50;1,244,646,502;923;19,973.80;69.27;18,435,817;65,000.00;59,995,000;41,559,183;;32067;(주)메디안스랩;;8809412752246
(주)메디안스랩;08886;# 하이드로겔 리제너레이팅 센텔라 크림;80g;1,219;4,400.00;5,363,600;40,083;4,073.31;163,270,582;39,855;10,113.28;403,064,656;1,447;3,007.40;81.20;4,351,708;16,000.00;23,152,000;18,800,292;;32067;(주)메디안스랩;;8809412755285
(주)메디안스랩;08887;# 하이드로겔 리제너레이팅 센텔라 크림;250g;2,090;8,250.00;17,242,500;20,060;7,620.47;152,866,560;21,308;19,079.46;406,545,038;842;5,911.40;79.62;4,977,399;29,000.00;24,418,000;19,440,601;;32067;(주)메디안스랩;;8809412755292
(주)메디안스랩;07449;# 하이브리드 워터 모이스춰 크림;50ml;3,032;9,900.00;30,016,800;1,473;5,686.47;8,376,177;3,448;16,953.88;58,456,973;1,057;2,708.20;90.66;2,862,567;29,000.00;30,653,000;27,790,433;;32067;(주)메디안스랩;;8809412753243
(주)메디안스랩;07450;# 하이브리드 워터 모이스춰 크림;500ml;863;15,400.00;13,290,200;4,943;13,671.84;67,579,893;5,056;29,013.67;146,693,102;750;5,981.80;89.69;4,486,350;58,000.00;43,500,000;39,013,650;;32067;(주)메디안스랩;;8809412753274
(주)메디안스랩;10395;# 하이브리드 워터 플루이드 밀키 클렌저;1000ml;;0.00;;2,017;12,312.16;24,833,635;1,066;20,898.39;22,277,687;951;8,078.40;82.44;7,682,558;46,000.00;43,746,000;36,063,442;;32067;(주)메디안스랩;;8809412757142
(주)메디안스랩;07447;# 하이브리드 워터 플루이드 세럼;50ml;3,219;7,150.00;23,015,850;915;2,875.03;2,630,650;3,619;10,740.77;38,870,847;515;7,150.00;73.52;3,682,250;27,000.00;13,905,000;10,222,750;;32067;(주)메디안스랩;;8809412753243
(주)메디안스랩;10449;# 하이브리드 워터 플루이드 세럼/신용기;500ml;;0.00;;1,020;4,211.90;4,296,138;662;22,597.49;14,959,538;358;4,211.90;90.84;1,507,860;46,000.00;16,468,000;14,960,140;;32067;(주)메디안스랩;;8809412753250
(주)메디안스랩;08366;# 하이브리드 워터 플루이드 젤 클렌저;140ml;1,827;9,350.00;17,082,450;2,104;8,108.41;17,060,103;3,628;12,936.48;46,933,545;303;5,591.30;77.63;1,694,164;25,000.00;7,575,000;5,880,836;;32067;(주)메디안스랩;;8809412753212
(주)메디안스랩;10023;# 하이브리드 워터 플루이드 젤 클렌저;1000ml;;0.00;;2,937;15,048.39;44,197,131;2,189;24,104.80;52,765,416;748;14,835.70;64.68;11,097,104;42,000.00;31,416,000;20,318,896;;32067;(주)메디안스랩;;8809412753229
(주)메디안스랩;07442;# 하이브리드 워터 플루이드 토너;140ml;1,004;8,800.00;8,835,200;2,515;7,204.39;18,119,036;3,141;10,059.03;31,595,411;378;4,346.10;78.27;1,642,826;20,000.00;7,560,000;5,917,174;;32067;(주)메디안스랩;;8809412753199
(주)메디안스랩;10313;# 하이브리드 워터 플루이드 토너;1000ml;;0.00;;2,527;27,534.01;69,578,444;1,901;20,959.81;39,844,601;626;6,055.50;85.58;3,790,743;42,000.00;26,292,000;22,501,257;;32067;(주)메디안스랩;;8809412757098
(주)메디안스랩;09506;# 화이트니스 라이트닝미스트;200ml;;0.00;;2,933;6,646.90;19,495,352;2,339;12,252.50;28,658,595;594;4,917.00;75.42;2,920,698;20,000.00;11,880,000;8,959,302;;32067;(주)메디안스랩;;8809412756459
(주)메디안스랩;09541;# 화이트니스 라이트닝세럼;80ml;;0.00;;3,984;6,531.80;26,022,700;3,283;17,175.55;56,387,325;701;3,045.90;89.85;2,135,176;30,000.00;21,030,000;18,894,824;;32067;(주)메디안스랩;;8809412756466
(주)메디안스랩;09522;# 화이트니스 코렉터;50ml;;0.00;;8,260;5,451.87;45,032,460;7,977;11,139.12;88,856,798;283;3,143.80;85.03;889,695;21,000.00;5,943,000;5,053,305;;32067;(주)메디안스랩;;8809412756473
(주)메디안스랩;10332;# 화이트니스 크림;80ml;;0.00;;1,957;6,392.82;12,510,748;931;17,676.02;16,456,374;1,026;3,564.00;88.86;3,656,664;32,000.00;32,832,000;29,175,336;;32067;(주)메디안스랩;;8809412757111
(주)메디안스랩;06726;# 화이트니스앰플세트;;2,099;32,450.00;68,112,550;6,875;28,324.33;194,729,773;7,647;52,150.38;398,793,967;1,327;18,218.20;69.12;24,175,551;59,000.00;78,293,000;54,117,449;;32067;(주)메디안스랩;;8809412752307
(주)메디안스랩;09979;# 히스토랩 아줄렌 디엔에이크림;80ml;;0.00;;8,223;8,354.87;68,702,100;7,213;18,497.17;133,420,108;1,010;3,227.40;89.91;3,259,674;32,000.00;32,320,000;29,060,326;;32067;(주)메디안스랩;;8809412756817
(주)메디안스랩;09980;# 히스토랩 아줄렌 디엔에이크림;500ml;;0.00;;3,035;16,647.34;50,524,687;2,589;42,086.74;108,962,577;446;10,298.20;83.65;4,592,997;63,000.00;28,098,000;23,505,003;;32067;(주)메디안스랩;;8809412756800
(주)메디안스랩;09367;# 히스토랩 펩타메이드 샴푸;500ml;;0.00;;4,028;12,000.00;48,336,000;3,772;15,794.88;59,578,295;256;12,000.00;68.42;3,072,000;38,000.00;9,728,000;6,656,000;;32067;(주)메디안스랩;;8809412756183
(주)메디안스랩;09373;# 히스토랩 펩타메이드 스케일러;10ml*8vials;;0.00;;1,790;18,000.00;32,220,000;1,276;12,781.80;16,309,574;514;18,000.00;68.97;9,252,000;58,000.00;29,812,000;20,560,000;;32067;(주)메디안스랩;;8809412756237
(주)메디안스랩;09374;# 히스토랩 펩타메이드 스케일러;150ml;;0.00;;1,869;21,000.00;39,249,000;1,313;15,844.06;20,803,248;556;21,000.00;69.12;11,676,000;68,000.00;37,808,000;26,132,000;;32067;(주)메디안스랩;;8809412756244
(주)메디안스랩;09368;# 히스토랩 펩타메이드 헤어에센스;100ml;;0.00;;2,014;8,500.00;17,119,000;1,455;10,042.15;14,611,331;559;8,500.00;69.64;4,751,500;28,000.00;15,652,000;10,900,500;;32067;(주)메디안스랩;;8809412756251
(주)메디안스랩;10321;# NEW 컨트롤 클리어 크림/신용기;500ml;;0.00;;1,498;9,185.48;13,759,849;814;24,241.27;19,732,393;684;7,725.30;86.20;5,284,105;56,000.00;38,304,000;33,019,895;;32067;(주)메디안스랩;;8809412753502
(주)메디안스랩;10384;# NEW리커버리 액티브 볼륨 크림(신용기);500g;;0.00;;1,995;17,064.54;34,043,757;1,338;35,332.57;47,274,974;657;10,105.70;85.96;6,639,445;72,000.00;47,304,000;40,664,555;;32067;(주)메디안스랩;;8809412753359
(주)메디안스랩;10388;# NEW인텐-큐어 퍼펙트 리페어 크림(신용기);500ml;;0.00;;2,005;10,126.10;20,302,838;917;17,554.92;16,097,860;1,088;7,067.50;87.81;7,689,440;58,000.00;63,104,000;55,414,560;;32067;(주)메디안스랩;;8809412753670
(주)메디안스랩;09986;# SRGF H1 리셋앰플;5ml*8ea;;0.00;;1,992;24,563.30;48,930,103;1,410;57,967.82;81,734,624;582;10,542.40;92.63;6,135,677;143,000.00;83,226,000;77,090,323;;32067;(주)메디안스랩;;
(주)메디안스랩;06419;#샘플 - 히스토랩 4종사이언스;;-10;1,200.00;-12,000;;0.00;;240;0.00;;-250;1,200.00;0.00;-300,000;0.00;;300,000;;32067;(주)메디안스랩;;
(주)메디안스랩;06418;#샘플 - 히스토랩 4종앰플;;;0.00;;;0.00;;1,050;19.05;20,000;-1,050;800.00;0.00;-840,000;0.00;;840,000;;32067;(주)메디안스랩;;
(주)메디안스랩;09175;#히스토랩 트라이앵글필 PA;80ml;;0.00;;16,631;8,570.28;142,532,400;15,995;18,936.82;302,894,472;636;5,435.10;86.06;3,456,724;39,000.00;24,804,000;21,347,276;;32067;(주)메디안스랩;;8809412755568
(주)메디안스랩;09176;#히스토랩 트라이앵글필 PB;80ml;;0.00;;18,703;8,758.91;163,817,960;17,780;18,554.71;329,902,658;923;5,504.40;85.89;5,080,561;39,000.00;35,997,000;30,916,439;;32067;(주)메디안스랩;;8809412755575
(주)메디안스랩;10556;[일본]엘라줄렌 펩타블루 세럼;50ml;;0.00;;1,072;4,004.33;4,292,638;1,014;6,454.64;6,545,000;58;4,038.10;0.00;234,210;0.00;;-234,210;;32067;(주)메디안스랩;;
(주)메디안스랩;10557;[일본]엘라줄렌 펩타블루 크림;50g;;0.00;;5,228;2,721.54;14,228,234;5,026;3,437.13;17,275,000;202;2,726.90;0.00;550,834;0.00;;-550,834;;32067;(주)메디안스랩;;
(주)메디안스랩;08298;단종_페이드아웃 히스토케이크림;500ml;925;21,000.00;19,425,000;848;21,000.00;17,808,000;1,775;38,891.78;69,032,909;-2;21,000.00;63.79;-42,000;58,000.00;-116,000;-74,000;;32067;(주)메디안스랩;;
(주)메디안스랩;10516;리커버리 인텐시브 볼륨 에센스/신용기;500ml;;0.00;;549;5,456.00;2,995,344;;0.00;;549;5,456.00;91.73;2,995,344;66,000.00;36,234,000;33,238,656;;32067;(주)메디안스랩;;
(주)메디안스랩;04596;샘플 - 비타씨 컴플렉스 앰플 47%;1ml;49,808;200.00;9,961,600;1,386,950;144.49;200,404,253;1,396,805;0.00;;39,953;77.00;0.00;3,076,381;0.00;;-3,076,381;;32067;(주)메디안스랩;;
(주)메디안스랩;08889;샘플 - 시카&세라&센텔라크림;1ml;94,962;300.00;28,488,600;758,003;223.11;169,121,290;781,053;0.10;75,486;71,912;116.60;0.00;8,384,939;0.00;;-8,384,939;;32067;(주)메디안스랩;;
(주)메디안스랩;09926;샘플 - 아오와 13종;;;0.00;;;0.00;;678;18.59;12,602;-678;.00;0.00;;0.00;;;;32067;(주)메디안스랩;;
(주)메디안스랩;09925;샘플 - 아오와 3종사이언스;;;0.00;;;0.00;;68;0.00;;-68;.00;0.00;;0.00;;;;32067;(주)메디안스랩;;
(주)메디안스랩;08975;샘플 - 아오와 브라이트닝블레미쉬밤;1ml;41,566;300.00;12,469,800;173,750;206.53;35,884,653;179,766;0.67;120,317;35,550;143.00;0.00;5,083,650;0.00;;-5,083,650;;32067;(주)메디안스랩;;
(주)메디안스랩;07487;샘플 - 아오와 아쿠아 솔루션 3열;1ml;74,136;330.00;24,464,880;245,640;204.29;50,181,751;278,281;0.57;157,799;41,495;145.20;0.00;6,025,074;0.00;;-6,025,074;;32067;(주)메디안스랩;;
(주)메디안스랩;07490;샘플 - 아오와 아크리스 솔루션 3열;1.2ml;91,565;330.00;30,216,450;252,000;191.11;48,160,778;288,699;0.52;149,245;54,866;113.30;0.00;6,216,318;0.00;;-6,216,318;;32067;(주)메디안스랩;;
(주)메디안스랩;07488;샘플 - 아오와 프리미엄 솔루션 3열;1ml;71,996;330.00;23,758,680;263,830;237.33;62,614,061;304,454;0.41;125,910;31,372;165.00;0.00;5,176,380;0.00;;-5,176,380;;32067;(주)메디안스랩;;
(주)메디안스랩;04595;샘플 - 아줄렌 컴플렉스 앰플 72%;1ml;27,199;200.00;5,439,800;1,445,050;152.88;220,915,992;1,437,525;0.00;;34,724;78.10;0.00;2,711,944;0.00;;-2,711,944;;32067;(주)메디안스랩;;
(주)메디안스랩;04091;샘플 - 아크넥스 폼&세럼&크림;1ml;88,987;300.00;26,696,100;1,218,086;219.96;267,931,811;1,237,774;0.17;212,500;69,299;92.40;0.00;6,403,228;0.00;;-6,403,228;;32067;(주)메디안스랩;;
(주)메디안스랩;09656;샘플 - 엘라줄렌 펩타블루 항노화크림;5g;;0.00;;43,859;380.48;16,687,407;42,826;109.27;4,679,490;1,033;405.90;0.00;419,295;0.00;;-419,295;;32067;(주)메디안스랩;;
(주)메디안스랩;04125;샘플 - 워터맥스 폼&세럼&크림;1ml;68,951;300.00;20,685,300;1,368,483;220.58;301,861,300;1,337,406;0.05;63,324;100,028;94.60;0.00;9,462,649;0.00;;-9,462,649;;32067;(주)메디안스랩;;
(주)메디안스랩;04594;샘플 - 이지에프 컴플렉스 앰플 50%;1ml;98,260;200.00;19,652,000;1,445,204;155.86;225,252,758;1,472,291;0.00;;71,173;86.90;0.00;6,184,934;0.00;;-6,184,934;;32067;(주)메디안스랩;;
(주)메디안스랩;07495;샘플 - 인텐-큐어 바이탈 컴플렉스 앰플;1ml;78,699;264.00;20,776,536;221,600;144.37;31,991,876;248,912;0.36;89,809;51,387;74.80;0.00;3,843,748;0.00;;-3,843,748;;32067;(주)메디안스랩;;
(주)메디안스랩;08925;샘플 - 인텐큐어 선크림;1ml;37,512;300.00;11,253,600;242,400;195.55;47,401,560;226,943;0.61;139,033;52,969;62.70;0.00;3,321,156;0.00;;-3,321,156;;32067;(주)메디안스랩;;
(주)메디안스랩;07492;샘플 - 인텐-큐어 카밍 컴플렉스 앰플;1ml;75,622;264.00;19,964,208;245,850;167.55;41,191,002;304,185;0.30;89,809;17,287;88.00;0.00;1,521,256;0.00;;-1,521,256;;32067;(주)메디안스랩;;
(주)메디안스랩;07493;샘플 - 인텐-큐어 프리미엄 컴플렉스 앰플;1ml;76,011;264.00;20,066,904;220,250;181.98;40,081,496;283,908;0.35;99,084;12,353;92.40;0.00;1,141,417;0.00;;-1,141,417;;32067;(주)메디안스랩;;
(주)메디안스랩;07494;샘플 - 인텐-큐어 하이드로 컴플렉스 앰플;1.2ml;92,241;264.00;24,351,624;199,550;134.99;26,936,540;227,924;0.27;62,078;63,867;63.80;0.00;4,074,715;0.00;;-4,074,715;;32067;(주)메디안스랩;;
(주)메디안스랩;10507;샘플 - 트리플 모이스처라이저 올오버 크림;1ml;;0.00;;111,400;46.20;5,146,680;74,150;0.00;;37,250;46.20;0.00;1,720,950;0.00;;-1,720,950;;32067;(주)메디안스랩;;
(주)메디안스랩;09127;샘플 - 펩타이드멀티&세라마이드워터크림;1ml;;0.00;;354,480;136.94;48,541,754;312,086;2.53;789,057;42,394;77.00;0.00;3,264,338;0.00;;-3,264,338;;32067;(주)메디안스랩;;
(주)메디안스랩;04198;샘플 - 포스트케어 히스토셀크림;1ml;47,751;150.00;7,162,650;723,800;103.12;74,637,875;715,036;0.46;330,600;56,515;55.00;0.00;3,108,325;0.00;;-3,108,325;;32067;(주)메디안스랩;;
(주)메디안스랩;03921;샘플 - 프리미엄 세럼&크림&아이크림;1ml;72,186;300.00;21,655,800;1,243,460;226.00;281,027,044;1,205,510;0.04;53,324;110,136;106.70;0.00;11,751,511;0.00;;-11,751,511;;32067;(주)메디안스랩;;
(주)메디안스랩;05547;샘플 - 화이트니스 세럼&크림&스팟;1ml;52,029;300.00;15,608,700;949,050;224.20;212,777,907;927,472;0.14;132,383;73,607;100.10;0.00;7,368,061;0.00;;-7,368,061;;32067;(주)메디안스랩;;
(주)메디안스랩;04588;샘플 - 히알루론 컴플렉스 앰플 62%;1ml;86,475;200.00;17,295,000;1,395,264;140.94;196,646,347;1,445,389;0.01;20,000;36,350;71.50;0.00;2,599,025;0.00;;-2,599,025;;32067;(주)메디안스랩;;
(주)메디안스랩;10407;아오와 샤이닝 세라마이드 워터 크림;80g;;0.00;;2,321;5,390.00;12,510,190;2,130;6,195.34;13,196,080;191;5,390.00;0.00;1,029,490;0.00;;-1,029,490;;32067;(주)메디안스랩;;
(주)메디안스랩;07510;아오와 아크리스 솔루션 앰플세트;;51;34,100.00;1,739,100;4,732;34,114.41;161,429,400;4,403;69,115.73;304,316,556;380;34,100.00;45.00;12,958,000;62,000.00;23,560,000;10,602,000;;32067;(주)메디안스랩;;8809412753830
(주)메디안스랩;10406;아오와 펩타이드 하이드로겔 멀티 크림;80g;;0.00;;2,400;6,050.00;14,520,000;2,200;6,735.00;14,817,000;200;6,050.00;0.00;1,210,000;0.00;;-1,210,000;;32067;(주)메디안스랩;;
(주)메디안스랩;07505;아오와 프리미엄 솔루션 세트 - 덕용;;;0.00;;;0.00;;1;72,620,100.00;72,620,100;-1;77,000.00;46.90;-77,000;145,000.00;-145,000;-68,000;;32067;(주)메디안스랩;;
(주)메디안스랩;07504;아오와 프리미엄 솔루션 앰플세트;;13;37,950.00;493,350;6,098;32,858.24;200,369,532;5,019;72,420.09;363,476,431;1,092;21,978.00;68.15;23,999,976;69,000.00;75,348,000;51,348,024;;32067;(주)메디안스랩;;8809412753823
(주)메디안스랩;09950;엔젤루밍1번세트-크림2+앰플1;;;0.00;;404;32,000.00;12,928,000;251;215,170.52;54,007,800;153;32,000.00;-128.57;4,896,000;14,000.00;2,142,000;-2,754,000;;32067;(주)메디안스랩;;
(주)메디안스랩;09951;엔젤루밍2번세트-크림4+앰플2;;;0.00;;1,573;64,000.00;100,672,000;1,228;244,848.31;300,673,725;345;64,000.00;-128.57;22,080,000;28,000.00;9,660,000;-12,420,000;;32067;(주)메디안스랩;;
(주)메디안스랩;07476;인텐-큐어 브라이트닝 블레미쉬 밤;50ml;772;10,450.00;8,067,400;7,601;9,259.55;70,381,850;7,630;14,938.78;113,982,857;743;4,417.60;84.22;3,282,277;28,000.00;20,804,000;17,521,723;;32067;(주)메디안스랩;;8809412753700
(주)메디안스랩;07466;인텐-큐어 프리미엄 컴플렉스 앰플;50ml;1,308;12,100.00;15,826,800;3,018;12,100.00;36,517,800;4,173;18,246.09;76,140,927;153;12,100.00;60.97;1,851,300;31,000.00;4,743,000;2,891,700;;32067;(주)메디안스랩;;
(주)메디안스랩;10143;중국]아오와 엘라줄렌 펩타블루 카밍앰플;50ml;;0.00;;3,000;14,000.00;42,000,000;1,000;6,363.52;6,363,520;2,000;14,000.00;0.00;28,000,000;0.00;;-28,000,000;;32067;(주)메디안스랩;;
(주)메디안스랩;10142;중국]아오와 엘라줄렌 펩타블루 항노화크림;50g;;0.00;;5,000;9,000.00;45,000,000;2,500;4,642.24;11,605,600;2,500;9,000.00;0.00;22,500,000;0.00;;-22,500,000;;32067;(주)메디안스랩;;
(주)메디안스랩;08376;해외_인텐-큐어 바이탈 컴플렉스 앰플;50ml;3,416;8,800.00;30,060,800;4,673;6,962.98;32,538,000;8,014;7,893.83;63,261,175;75;3,344.00;87.61;250,800;27,000.00;2,025,000;1,774,200;;32067;(주)메디안스랩;;
(주)메디안스랩;10513;히스토랩 앰플레드세트[아줄렌&비타씨];;;0.00;;991;23,568.60;23,356,483;493;65,196.75;32,142,000;498;23,568.60;64.29;11,737,163;66,000.00;32,868,000;21,130,837;;32067;(주)메디안스랩;;
(주)메디안스랩;10514;히스토랩 앰플블루세트[아줄렌&히알루론];;;0.00;;1,000;22,907.50;22,907,500;454;65,273.13;29,634,000;546;22,907.50;65.29;12,507,495;66,000.00;36,036,000;23,528,505;;32067;(주)메디안스랩;;
(주)메디안스랩;10515;히스토랩 앰플퍼플세트[아줄렌&이지에프];;;0.00;;1,000;25,965.50;25,965,500;994;66,019.92;65,623,800;6;25,965.50;60.66;155,793;66,000.00;396,000;240,207;;32067;(주)메디안스랩;;
(주)메디안스랩;06784;Z(사용안함)아크넥스 델타 액티브크림(타원형);50ml;1,494;5,640.00;8,426,160;-2;5,640.00;-11,280;1,494;15,239.10;22,767,215;-2;5,640.00;71.80;-11,280;20,000.00;-40,000;-28,720;;32067;(주)메디안스랩;;
;;[(주)메디안스랩] 소계;;1,969,679;;2,337,985,182;20,261,540;;26,061,048,943;20,729,380;;49,389,384,558;1,501,839;;;1,297,084,271;;6,437,572,400;5,140,488,121;;;;;
(주)비알코스;06775;씨리얼 화이트닝 마스크팩/미백;25ml (살구);14,311;165.00;2,361,315;12,517;224.42;2,809,045;24,816;245.45;6,091,078;2,012;155.00;84.50;311,860;1,000.00;2,012,000;1,700,140;;32245;(주)비알코스;;
;;[(주)비알코스] 소계;;14,311;;2,361,315;12,517;;2,809,045;24,816;;6,091,078;2,012;;;311,860;;2,012,000;1,700,140;;;;;
(주)아이썸;07006;# UV 디펜스 마일드 선블록;50ml;1,672;3,800.00;6,353,600;3,227;2,187.05;7,057,601;4,862;3,928.71;19,101,389;37;2,178.00;87.90;80,586;18,000.00;666,000;585,414;;20053;(주)아이썸;;
;;[(주)아이썸] 소계;;1,672;;6,353,600;3,227;;7,057,601;4,862;;19,101,389;37;;;80,586;;666,000;585,414;;;;;
(주)에라토인터내셔널;10351;시그니처 MTS (충전식);;;0.00;;51;117,549.02;5,995,000;39;244,923.08;9,552,000;12;110,000.00;68.57;1,320,000;350,000.00;4,200,000;2,880,000;;42443;(주)에라토인터내셔널;;
;;[(주)에라토인터내셔널] 소계;;;;;51;;5,995,000;39;;9,552,000;12;;;1,320,000;;4,200,000;2,880,000;;;;;
(주)에스엘씨/1182;03097;# 골드플러스모델링마스크;1KG;2,584;6,000.00;15,504,000;21,056;6,283.43;132,303,891;21,871;35,523.49;776,934,245;1,769;8,182.90;72.72;14,475,550;30,000.00;53,070,000;38,594,450;;23261;(주)에스엘씨/1182;;8809336903038
(주)에스엘씨/1182;03096;# 네츄럴라이트닝플러스모델링마스크;1KG;3,680;6,000.00;22,080,000;87,573;6,128.39;536,681,712;87,548;6,962.30;609,535,512;3,705;6,831.00;77.23;25,308,855;30,000.00;111,150,000;85,841,145;;23261;(주)에스엘씨/1182;;8809336905421
(주)에스엘씨/1182;03099;# 마린아쿠아플러스모델링마스크;1KG;3,497;6,000.00;20,982,000;39,603;6,189.46;245,121,114;40,611;7,335.38;297,897,186;2,489;6,831.00;77.23;17,002,359;30,000.00;74,670,000;57,667,641;;23261;(주)에스엘씨/1182;;8809420567238
(주)에스엘씨/1182;03098;# 실버플러스모델링마스크;1KG;2,597;6,000.00;15,582,000;20,575;6,528.83;134,330,730;21,424;8,549.82;183,171,395;1,748;8,182.90;72.72;14,303,709;30,000.00;52,440,000;38,136,291;;23261;(주)에스엘씨/1182;;8809336903045
(주)에스엘씨/1182;07178;# 아오와 마린 모델링 마스크;kg;793;6,000.01;4,758,008;2,851;6,292.74;17,940,615;3,094;10,793.82;33,396,080;550;6,832.10;75.60;3,757,655;28,000.00;15,400,000;11,642,345;;23261;(주)에스엘씨/1182;;
(주)에스엘씨/1182;07177;# 아오와 브라이트닝 모델링 마스크;kg;246;6,000.01;1,476,002;4,918;6,169.54;30,341,798;3,977;11,050.64;43,948,403;1,187;6,832.10;75.60;8,109,703;28,000.00;33,236,000;25,126,297;;23261;(주)에스엘씨/1182;;
(주)에스엘씨/1182;07176;# 아오와 쿨 모델링 마스크;kg;843;6,000.01;5,058,008;4,782;6,150.00;29,409,309;4,830;12,169.29;58,777,665;795;6,832.10;75.60;5,431,520;28,000.00;22,260,000;16,828,480;;23261;(주)에스엘씨/1182;;
(주)에스엘씨/1182;03095;# 페퍼민트쿨플러스모델링마스크;1KG;4,278;6,000.00;25,668,000;150,116;5,863.32;880,178,891;146,796;12,086.59;1,774,263,114;7,598;6,831.00;77.23;51,901,938;30,000.00;227,940,000;176,038,062;;23261;(주)에스엘씨/1182;;8809420567221
(주)에스엘씨/1182;10563;# 히스토로지카 파랑모델링팩;1제,2제*10ea;;0.00;;3,003;12,906.30;38,757,619;2,575;24,413.32;62,864,300;428;12,906.30;0.00;5,523,896;0.00;;-5,523,896;;23261;(주)에스엘씨/1182;;8809575678803
(주)에스엘씨/1182;07242;샘플 - 아오와 골드 모델링 마스크;28g;6,211;440.00;2,732,840;-666;440.00;-293,040;5,602;5.18;29,000;-57;440.00;0.00;-25,080;0.00;;25,080;;23261;(주)에스엘씨/1182;;
(주)에스엘씨/1182;07240;샘플 - 아오와 마린 모델링 마스크;28g;2,403;440.00;1,057,320;-1,184;440.00;-520,960;1,272;23.58;30,000;-53;440.00;0.00;-23,320;0.00;;23,320;;23261;(주)에스엘씨/1182;;
(주)에스엘씨/1182;07239;샘플 - 아오와 브라이트닝 모델링 마스크;28g;5,307;440.00;2,335,080;-450;146.67;-66,000;4,914;10.99;54,000;-57;440.00;0.00;-25,080;0.00;;25,080;;23261;(주)에스엘씨/1182;;
(주)에스엘씨/1182;07241;샘플 - 아오와 칼라민 모델링 마스크;28g;2,704;440.00;1,189,760;-1,731;433.33;-750,090;1,024;22.46;23,000;-51;110.00;0.00;-5,610;0.00;;5,610;;23261;(주)에스엘씨/1182;;
(주)에스엘씨/1182;07238;샘플 - 아오와 쿨 모델링 마스크;28g;5,836;440.00;2,567,840;-861;440.00;-378,840;5,038;8.54;43,000;-63;440.00;0.00;-27,720;0.00;;27,720;;23261;(주)에스엘씨/1182;;
;;[(주)에스엘씨/1182] 소계;;40,979;;120,990,859;329,585;;2,043,056,749;350,576;;3,840,966,900;19,988;;;145,708,375;;590,166,000;444,457,625;;;;;
(주)오멜론코리아/권기덕;07169;오메가라이트-슬림;;13;440,000.00;5,720,000;;0.00;;8;170,000.00;1,360,000;5;440,000.00;56.00;2,200,000;1,000,000.00;5,000,000;2,800,000;;28318;(주)오멜론코리아/권기덕;;
;;[(주)오멜론코리아/권기덕] 소계;;13;;5,720,000;;;;8;;1,360,000;5;;;2,200,000;;5,000,000;2,800,000;;;;;
(주)옵토바이오메드;08566;데모_더마비전_뷰티에디션;VIU LAB;1;2,662,000.00;2,662,000;;0.00;;;0.00;;1;2,662,000.00;-266,199,900.00;2,662,000;1.00;1;-2,661,999;;35113;(주)옵토바이오메드;;
;;[(주)옵토바이오메드] 소계;;1;;2,662,000;;;;;;;1;;;2,662,000;;1;-2,661,999;;;;;
(주)위노바;07002;1차)스템스리뉴얼 크림;50ml;8;3,600.00;28,800;5,545;3,599.35;19,958,400;4,665;4,833.72;22,549,325;888;3,600.00;85.00;3,196,800;24,000.00;21,312,000;18,115,200;;32658;(주)위노바;;
(주)위노바;07088;3차)T]케어스타터 건성용;400ml;1,593;5,200.00;8,283,600;896;5,234.82;4,690,400;2,082;4,119.93;8,577,688;407;5,200.00;79.20;2,116,400;25,000.00;10,175,000;8,058,600;;32658;(주)위노바;;
(주)위노바;07089;3차)T]케어스타터 지성용;400ml;2,138;5,200.00;11,117,600;848;5,242.92;4,446,000;2,619;2,231.43;5,844,105;367;5,200.00;79.20;1,908,400;25,000.00;9,175,000;7,266,600;;32658;(주)위노바;;
;;[(주)위노바] 소계;;3,739;;19,430,000;7,289;;29,094,800;9,366;;36,971,118;1,662;;;7,221,600;;40,662,000;33,440,400;;;;;
(주)즐겨찾기;09609;아오와 토끼 세안밴드-자수포함;네이비;;0.00;;4,197;2,165.81;9,089,924;2,226;780.65;1,737,721;1,971;2,233.00;55.34;4,401,243;5,000.00;9,855,000;5,453,757;;39367;(주)즐겨찾기;;
;;[(주)즐겨찾기] 소계;;;;;4,197;;9,089,924;2,226;;1,737,721;1,971;;;4,401,243;;9,855,000;5,453,757;;;;;
(주)지에프테크;10022;#백색펌프 - [출고용]아오와 1200&1000ml 32파이;대롱길이 183mm;;0.00;;27,440;239.13;6,561,830;24,532;0.00;;2,908;220.00;0.00;639,760;0.00;;-639,760;;32182;(주)지에프테크;;
;;[(주)지에프테크] 소계;;;;;27,440;;6,561,830;24,532;;;2,908;;;639,760;;;-639,760;;;;;
[개인]다비드화장품;06951;# 1차)트리플워터존 크림;50ml;484;3,500.00;1,694,000;3,493;3,498.00;12,218,500;2,046;5,475.53;11,202,943;1,931;3,500.00;82.50;6,758,500;20,000.00;38,620,000;31,861,500;;32519;[개인]다비드화장품;;
;;[[개인]다비드화장품] 소계;;484;;1,694,000;3,493;;12,218,500;2,046;;11,202,943;1,931;;;6,758,500;;38,620,000;31,861,500;;;;;
[매입]이디솔루션/천경성;05789;# 아쿠아랩(AquaLab);팁 포함;46;1,100,000.00;50,600,000;657;1,531,737.07;1,006,351,253;613;697,381.89;427,495,101;90;992,447.50;66.92;89,320,275;3,000,000.00;270,000,000;180,679,725;;35032;[매입]이디솔루션/천경성;;
[매입]이디솔루션/천경성;08667;아오와_바이탈랩;;3;990,000.00;2,970,000;40;990,000.00;39,600,000;42;972,214.29;40,833,000;1;990,000.00;40.00;990,000;1,650,000.00;1,650,000;660,000;;35032;[매입]이디솔루션/천경성;;
[매입]이디솔루션/천경성;08880;아오와_이온스;;78;500,000.00;39,000,000;67;97,014.93;6,500,000;117;234,086.32;27,388,100;28;500,000.00;41.18;14,000,000;850,000.00;23,800,000;9,800,000;;35032;[매입]이디솔루션/천경성;;
[매입]이디솔루션/천경성;08737;카트_아오와_고주파랩(RF-LAB);;1;0.01;;69;1.00;69;29;0.00;;41;1.00;0.00;41;1.00;41;;;35032;[매입]이디솔루션/천경성;;
[매입]이디솔루션/천경성;08879;카트_아오와_이온스;;78;0.01;1;170;0.42;71;119;0.00;;129;.01;99.00;1;1.00;129;128;;35032;[매입]이디솔루션/천경성;;
[매입]이디솔루션/천경성;08733;카트_아오와_크라이오랩;;13;0.01;;60;1.00;60;56;0.00;;17;1.00;0.00;17;1.00;17;;;35032;[매입]이디솔루션/천경성;;
[매입]이디솔루션/천경성;08736;카트_히스토랩_고주파랩(RF-LAB);;16;0.01;;270;1.00;270;230;0.00;;56;1.00;0.00;56;1.00;56;;;35032;[매입]이디솔루션/천경성;;
[매입]이디솔루션/천경성;08734;카트_히스토랩_바이탈랩;;29;0.01;;307;1.00;307;270;0.00;;66;1.00;0.00;66;1.00;66;;;35032;[매입]이디솔루션/천경성;;
[매입]이디솔루션/천경성;08824;카트_히스토랩_소노랩;;11;1.00;11;655;1.00;655;644;0.00;;22;1.00;0.00;22;1.00;22;;;35032;[매입]이디솔루션/천경성;;
[매입]이디솔루션/천경성;08878;카트_히스토랩_이온스;;99;0.01;1;28;1.07;30;103;0.00;;24;1.00;0.00;24;1.00;24;;;35032;[매입]이디솔루션/천경성;;
[매입]이디솔루션/천경성;08732;카트_히스토랩_크라이오랩;;45;0.01;;491;1.00;491;397;0.00;;139;1.00;0.00;139;1.00;139;;;35032;[매입]이디솔루션/천경성;;
[매입]이디솔루션/천경성;08665;히스토랩_바이탈랩;;29;990,000.00;28,710,000;310;908,598.23;281,665,451;267;337,141.05;90,016,660;72;737,654.50;55.29;53,111,124;1,650,000.00;118,800,000;65,688,876;;35032;[매입]이디솔루션/천경성;;
[매입]이디솔루션/천경성;08730;히스토랩_소노랩;;4;1,100,000.00;4,400,000;657;1,030,146.07;676,805,969;643;830,926.77;534,285,914;18;913,438.90;63.46;16,441,900;2,500,000.00;45,000,000;28,558,100;;35032;[매입]이디솔루션/천경성;;
[매입]이디솔루션/천경성;08877;히스토랩_이온스;;97;500,000.00;48,500,000;30;500,000.00;15,000,000;103;89,655.34;9,234,500;24;500,000.00;41.18;12,000,000;850,000.00;20,400,000;8,400,000;;35032;[매입]이디솔루션/천경성;;
[매입]이디솔루션/천경성;08465;히스토랩_크라이오랩;;45;1,000,000.00;45,000,000;323;739,938.08;239,000,000;363;843,333.87;306,130,194;5;1,000,000.00;50.00;5,000,000;2,000,000.00;10,000,000;5,000,000;;35032;[매입]이디솔루션/천경성;;
;;[[매입]이디솔루션/천경성] 소계;;594;;219,180,014;4,134;;2,264,924,626;3,996;;1,435,383,469;732;;;190,863,665;;489,650,494;298,786,829;;;;;
[소모품은선결제]SJ글로벌;06780;카트_크라이오셀 II;;10;0.01;;-1;1.00;-1;6;0.00;;3;1.00;0.00;3;1.00;3;;;20105;[소모품은선결제]SJ글로벌;;
;;[[소모품은선결제]SJ글로벌] 소계;;10;;;-1;;-1;6;;;3;;;3;;3;;;;;;
[카과]상장다모아;08823;상장케이스_가로형;;159;1,870.00;297,330;;0.00;;27;0.00;;132;1,870.00;-186,900.00;246,840;1.00;132;-246,708;;35140;[카과]상장다모아;;
[카과]상장다모아;08589;상장케이스_세로형;;10;1,870.00;18,700;700;1,917.14;1,342,000;648;785.11;508,749;62;1,980.00;-197,900.00;122,760;1.00;62;-122,698;;35140;[카과]상장다모아;;
;;[[카과]상장다모아] 소계;;169;;316,030;700;;1,342,000;675;;508,749;194;;;369,600;;194;-369,406;;;;;
경배케미칼;07512;비닐쇼핑백 아오와 - 중;27*38(M4);820;135.30;110,946;42,700;139.34;5,950,010;42,660;2.09;88,995;860;154.00;0.00;132,440;0.00;;-132,440;;31819;경배케미칼;;
;;[경배케미칼] 소계;;820;;110,946;42,700;;5,950,010;42,660;;88,995;860;;;132,440;;;-132,440;;;;;
고려기프트;10047;아오와 핸디 선풍기(F31)_품번 A463850_로고인쇄;카키;;0.00;;100;4,895.00;489,500;95;0.00;;5;4,895.00;-489,400.00;24,475;1.00;5;-24,470;;31389;고려기프트;;
;;[고려기프트] 소계;;;;;100;;489,500;95;;;5;;;24,475;;5;-24,470;;;;;
국산;03143;비닐쇼핑백 히스토랩 - 대;47*60(M5);9,373;225.50;2,113,612;8,000;256.30;2,050,400;16,915;0.00;;458;256.30;0.00;117,385;0.00;;-117,385;;20116;국산;;
국산;02925;비닐쇼핑백 히스토랩 - 중;27*38(M4) 두께0.11 양면2도;23,703;117.70;2,789,843;87,700;125.06;10,967,440;105,451;0.00;;5,952;126.50;0.00;752,928;0.00;;-752,928;;20116;국산;;
국산;06064;세트포장비;;-445;2,750.00;-1,223,750;;0.00;;;0.00;;-445;2,750.00;-274,900.00;-1,223,750;1.00;-445;1,223,305;;20116;국산;;
국산;03129;히스토랩 3종 시트마스크 단상자;;11,758;267.62;3,146,676;;0.00;;11,818;279.24;3,300,000;-60;267.62;0.00;-16,057;0.00;;16,057;;20116;국산;;
;;[국산] 소계;;44,389;;6,826,381;95,700;;13,017,840;134,184;;3,300,000;5,905;;;-369,494;;-445;369,049;;;;;
기타구매처;07316;# 프라우드메리 토너&미스트 공병세트;;2,871;810.70;2,327,520;;0.00;;789;0.00;;2,082;810.70;-80,970.00;1,687,877;1.00;2,082;-1,685,795;;23640;기타구매처;;
기타구매처;09998;[사은품]아오와 세안브러쉬_로고인쇄;;;0.00;;135;2,410.74;325,450;133;0.00;;2;2,410.74;0.00;4,821;0.00;;-4,821;;23640;기타구매처;;
기타구매처;10435;[사은품]아오와 PVC 홀로그램 화장품파우치;;;0.00;;150;1,920.00;288,000;110;0.00;;40;1,920.00;0.00;76,800;0.00;;-76,800;;23640;기타구매처;;
기타구매처;10326;[사은품]하트 마사지 괄사기_아오와;;;0.00;;150;1,507.27;226,091;141;0.00;;9;1,500.00;0.00;13,500;0.00;;-13,500;;23640;기타구매처;;
기타구매처;09510;아오와 토끼 세안밴드-자수포함;화이트;;0.00;;200;1,300.00;260,000;184;673.91;124,000;16;1,300.00;74.00;20,800;5,000.00;80,000;59,200;;23640;기타구매처;;
;;[기타구매처] 소계;;2,871;;2,327,520;635;;1,099,541;1,357;;124,000;2,149;;;1,803,799;;82,082;-1,721,716;;;;;
두두피앤피/이상범;07077;스티커 - 히스토랩정품스티커(대) 28*37;;-75,000;9.90;-742,500;1,709,000;9.36;15,995,100;1,608,500;0.00;;25,500;5.50;-450.00;140,250;1.00;25,500;-114,750;;32794;두두피앤피/이상범;;
두두피앤피/이상범;07078;스티커 - 히스토랩정품스티커(소) 19*19;;;0.00;;40,000;6.88;275,000;28,500;0.00;;11,500;4.40;-340.00;50,600;1.00;11,500;-39,100;;32794;두두피앤피/이상범;;
;;[두두피앤피/이상범] 소계;;-75,000;;-742,500;1,749,000;;16,270,100;1,637,000;;;37,000;;;190,850;;37,000;-153,850;;;;;
바이오에프디엔씨;04938;원료 - 이지에프 kg(CN-peptide Complex);;;0.00;;400;44,000.00;17,600,000;;0.00;;400;44,000.00;-4,399,900.00;17,600,000;1.00;400;-17,599,600;;26606;바이오에프디엔씨;;
바이오에프디엔씨;05455;원료)상처재생 컴플렉스 55ppm;kg;;0.00;;5;330,000.00;1,650,000;;0.00;;5;330,000.00;-32,999,900.00;1,650,000;1.00;5;-1,649,995;;26606;바이오에프디엔씨;;
;;[바이오에프디엔씨] 소계;;;;;405;;19,250,000;;;;405;;;19,250,000;;405;-19,249,595;;;;;
삼융/김관현;09872;MD진열대_로션&크림;;;0.00;;300;15,565.00;4,669,500;72;0.00;;228;15,565.00;0.00;3,548,820;0.00;;-3,548,820;;31244;삼융/김관현;;
;;[삼융/김관현] 소계;;;;;300;;4,669,500;72;;;228;;;3,548,820;;;-3,548,820;;;;;
성원애드피아;10012;포스터-아줄렌카밍앰플&SRGF H1 리셋앰플;;;0.00;;2;1,100.00;2,200;;0.00;;2;1,100.00;-109,900.00;2,200;1.00;2;-2,198;;32530;성원애드피아;;
;;[성원애드피아] 소계;;;;;2;;2,200;;;;2;;;2,200;;2;-2,198;;;;;
성원애드피아몰;10003;미니배너-아오와 아쿠아 라인;;;0.00;;100;1,940.68;194,068;92;0.00;;8;1,940.68;0.00;15,525;0.00;;-15,525;;40279;성원애드피아몰;;
성원애드피아몰;09973;미니배너-아오와 아크리스 라인;;;0.00;;105;2,031.60;213,318;103;0.00;;2;1,940.68;0.00;3,881;0.00;;-3,881;;40279;성원애드피아몰;;
성원애드피아몰;10004;미니배너-아오와 프리미엄 라인;;;0.00;;100;1,940.67;194,067;97;0.00;;3;1,940.67;0.00;5,822;0.00;;-5,822;;40279;성원애드피아몰;;
성원애드피아몰;09993;미니배너-아줄렌카밍앰플&SRGF H1 리셋앰플;;;0.00;;200;2,084.64;416,927;128;0.00;;72;1,940.67;0.00;139,728;0.00;;-139,728;;40279;성원애드피아몰;;
;;[성원애드피아몰] 소계;;;;;505;;1,018,380;420;;;85;;;164,957;;;-164,956;;;;;
세종플라스틱(아폴로);05457;[사용중단]펌프-오각용기 1200ml/백색/20cm;;1,913;700.94;1,340,898;81,696;724.84;59,216,784;81,780;25.76;2,106,805;1,829;731.50;-73,050.00;1,337,914;1.00;1,829;-1,336,085;;25519;세종플라스틱(아폴로);;
;;[세종플라스틱(아폴로)] 소계;;1,913;;1,340,898;81,696;;59,216,784;81,780;;2,106,805;1,829;;;1,337,914;;1,829;-1,336,085;;;;;
수입;10150;# 메디라이트;;;0.00;;962;246,476.59;237,110,476;651;176,161.18;114,680,925;311;275,130.90;0.00;85,565,710;0.00;;-85,565,710;;22472;수입;;
;;[수입] 소계;;;;;962;;237,110,476;651;;114,680,925;311;;;85,565,710;;;-85,565,710;;;;;
아람휴비스(주);07018;피부진단기;ASW-100;;0.00;;1;1,320,000.00;1,320,000;;0.00;;1;1,320,000.00;34.00;1,320,000;2,000,000.00;2,000,000;680,000;;24468;아람휴비스(주);;
;;[아람휴비스(주)] 소계;;;;;1;;1,320,000;;;;1;;;1,320,000;;2,000,000;680,000;;;;;
에버코스;04527;# 센스티브스킨 썬블록 포에버플러스;50g;5,069;5,300.00;26,865,700;196,282;4,872.28;956,340,709;192,722;11,756.98;2,265,829,575;8,629;3,920.40;79.37;33,829,132;19,000.00;163,951,000;130,121,868;;24703;에버코스;;8805566909451
에버코스;07474;# 인텐-큐어 쉴드 플러스 선 에센스;50ml;2,859;7,700.00;22,014,300;26,809;6,322.60;169,502,575;25,169;11,884.69;299,125,660;4,499;4,411.00;80.82;19,845,089;23,000.00;103,477,000;83,631,911;;24703;에버코스;;8805566011710
에버코스;07172;# 포스트케어 썬블록365플러스;50g;4,064;5,100.00;20,726,400;39,125;4,695.75;183,721,257;40,867;10,131.27;414,034,678;2,322;3,341.80;82.41;7,759,660;19,000.00;44,118,000;36,358,340;;24703;에버코스;;8805566011215
에버코스;08418;#샘플 - 포에버&365플러스 썬크림;1g;108,000;300.00;32,400,000;1,205,875;230.30;277,708,243;1,211,143;0.00;60;102,732;128.70;0.00;13,221,608;0.00;;-13,221,608;;24703;에버코스;;
에버코스;10530;샘플 - 인텐큐어 선에센스;1ml;;0.00;;68,200;48.40;3,300,880;20,639;2.72;56,067;47,561;48.40;0.00;2,301,952;0.00;;-2,301,952;;24703;에버코스;;
;;[에버코스] 소계;;119,992;;102,006,400;1,536,291;;1,590,573,664;1,490,540;;2,979,046,040;165,743;;;76,957,441;;311,546,000;234,588,559;;;;;
에스메디글로벌;06863;오메가라이트-듀얼;;18;1,100,000.00;19,800,000;;0.00;;1;0.00;;17;1,100,000.00;60.00;18,700,000;2,750,000.00;46,750,000;28,050,000;;26771;에스메디글로벌;;
;;[에스메디글로벌] 소계;;18;;19,800,000;;;;1;;;17;;;18,700,000;;46,750,000;28,050,000;;;;;
예담디앤피;07602;배너 - 아쿠아랩(영문);;;0.00;;50;14,454.00;722,700;39;0.00;;11;12,576.67;-1,257,567.00;138,343;1.00;11;-138,332;;28422;예담디앤피;;
;;[예담디앤피] 소계;;;;;50;;722,700;39;;;11;;;138,343;;11;-138,332;;;;;
전향산업;07424;지퍼백 아오와 - 대;5*20*30;14,040;31.35;440,154;11,000;39.16;430,760;15,040;0.00;;10,000;39.16;0.00;391,600;0.00;;-391,600;;31040;전향산업;;
전향산업;07423;지퍼백 아오와 - 중;5*15*21.5;47,520;18.70;888,624;90,960;20.54;1,868,262;130,780;0.00;;7,700;23.43;0.00;180,411;0.00;;-180,411;;31040;전향산업;;
;;[전향산업] 소계;;61,560;;1,328,778;101,960;;2,299,022;145,820;;;17,700;;;572,011;;;-572,011;;;;;
조양산업;06737;Z(사용안함)수축필름 - 마사지오일 1000ml;146*155;5,000;38.50;192,500;;0.00;;;0.00;;5,000;38.50;-3,750.00;192,500;1.00;5,000;-187,500;;27921;조양산업;;
;;[조양산업] 소계;;5,000;;192,500;;;;;;;5,000;;;192,500;;5,000;-187,500;;;;;
주식회사 조양메딕스;08826;카트_조양_소노자임;;4;0.01;;;0.00;;;0.00;;4;.01;99.00;;1.00;4;4;;32991;주식회사 조양메딕스;;
;;[주식회사 조양메딕스] 소계;;4;;;;;;;;;4;;;;;4;4;;;;;
케이원메드;08406;라디오프로 - 프로쉐이프II;;;0.00;;;0.00;;-1;0.00;;1;935,000.00;57.50;935,000;2,200,000.00;2,200,000;1,265,000;;22647;케이원메드;;
;;[케이원메드] 소계;;;;;;;;-1;;;1;;;935,000;;2,200,000;1,265,000;;;;;
케이피알;06853;# 종이쇼핑백_히스토랩 3종공용 앰플세트;345*65*270;2,990;862.18;2,577,918;43,089;1,633.19;70,372,631;45,258;0.00;4;821;815.43;0.00;669,468;0.00;;-669,468;;27463;케이피알;;
케이피알;04149;# 종이쇼핑백_히스토랩 기본형;245*100*210;3,675;685.94;2,520,830;15,547;769.75;11,967,237;17,362;9.22;160,000;1,860;770.00;0.00;1,432,200;0.00;;-1,432,200;;27463;케이피알;;
케이피알;06854;# 종이쇼핑백_히스토랩 아크넥스 앰플세트;380*65*270;1,976;1,005.76;1,987,382;15,000;957.12;14,356,780;15,136;0.00;2;1,840;957.12;0.00;1,761,101;0.00;;-1,761,101;;27463;케이피알;;
케이피알;09454;망사파우치 - 프라우드메리;;;0.00;;3,046;3,652.00;11,123,992;388;391.75;152,000;2,658;3,652.00;-365,100.00;9,707,016;1.00;2,658;-9,704,358;;27463;케이피알;;
케이피알;09715;선물세트 - 아오와 홈쇼핑용 8차;;;0.00;;3,082;1,320.16;4,068,740;1,992;0.00;;1,090;1,326.83;-132,583.00;1,446,245;1.00;1,090;-1,445,155;;27463;케이피알;;
케이피알;07425;아오와 3종 시트마스크 단상자;;12,356;287.76;3,555,563;-1,900;352.88;-670,472;4,045;0.00;;6,411;288.00;0.00;1,846,368;0.00;;-1,846,368;;27463;케이피알;;
케이피알;09761;아오와 고객관리 카드;;;0.00;;1,000;1,500.00;1,500,000;780;243.59;190,000;220;1,500.00;0.00;330,000;0.00;;-330,000;;27463;케이피알;;
케이피알;08754;아오와 샘플파우치 케이스(리뉴얼);230*124;8,950;181.79;1,627,021;;0.00;;210;0.00;;8,740;181.79;-18,079.00;1,588,845;1.00;8,740;-1,580,105;;27463;케이피알;;
케이피알;09936;아오와 스케쥴러;;;0.00;;1,200;2,415.64;2,898,773;715;0.00;;485;2,415.64;0.00;1,171,585;0.00;;-1,171,585;;27463;케이피알;;
케이피알;09946;아오와 카다로그(단가표포함);;;0.00;;;0.00;;11;0.00;;-11;1.00;0.00;-11;1.00;-11;;;27463;케이피알;;
케이피알;07503;종이쇼핑백_아오와 3종공용 앰플세트;345*65*270;2,321;936.16;2,172,827;9,063;953.42;8,640,855;10,941;0.00;;443;929.55;0.00;411,791;0.00;;-411,791;;27463;케이피알;;
케이피알;07501;종이쇼핑백_아오와 기본형;245*100*210;1,209;1,002.14;1,211,587;3,000;721.22;2,163,645;3,330;0.00;;879;721.22;0.00;633,952;0.00;;-633,952;;27463;케이피알;;
케이피알;07502;종이쇼핑백_아오와 아크리스앰플세트;380*65*270;338;1,138.48;384,806;4,308;1,083.28;4,666,789;4,451;0.00;;195;1,083.15;0.00;211,214;0.00;;-211,214;;27463;케이피알;;
케이피알;08685;히스토랩 4종 시트마스크 단상자;;3,573;283.85;1,014,196;89,925;239.68;21,553,108;82,916;0.39;32,000;10,582;183.70;0.00;1,943,913;0.00;;-1,943,913;;27463;케이피알;;
;;[케이피알] 소계;;37,388;;17,052,129;186,360;;152,642,078;187,535;;534,006;36,213;;;23,153,687;;12,477;-23,141,210;;;;;
코스메카코리아;06137;# 선샤인 블레미쉬 밤;50g;2,600;5,900.00;15,340,000;18,092;4,500.84;81,429,253;18,697;12,827.70;239,839,555;1,995;4,056.80;83.10;8,093,316;24,000.00;47,880,000;39,786,684;;20065;코스메카코리아;;8809362066790
코스메카코리아;10443;# 아오와 비파이브 하이드레이션 앰플;30ml;;0.00;;8,042;3,052.50;24,548,205;5,143;8,401.52;43,209,004;2,899;3,052.50;87.28;8,849,198;24,000.00;69,576,000;60,726,802;;20065;코스메카코리아;;8809783327784
코스메카코리아;10444;# 아오와 엔티지 화이트닝 앰플;30ml;;0.00;;14,022;3,690.50;51,748,191;11,577;8,371.70;96,919,204;2,445;3,690.50;84.62;9,023,273;24,000.00;58,680,000;49,656,727;;20065;코스메카코리아;;8809783327777
코스메카코리아;10560;# 아오와 엔티지 화이트닝 크림;50ml;;0.00;;4,908;2,918.30;14,323,016;3,955;7,632.01;30,184,600;953;2,918.30;87.84;2,781,140;24,000.00;22,872,000;20,090,860;;20065;코스메카코리아;;8809783329894
코스메카코리아;07091;# 포스트케어 썬블레미쉬밤;50g;3,653;4,900.01;17,899,737;54,328;4,625.44;251,291,128;57,607;11,854.33;682,892,424;374;3,641.00;84.83;1,361,734;24,000.00;8,976,000;7,614,266;;20065;코스메카코리아;;8809525240050
코스메카코리아;10467;# 히스토로지카 레티놀 세럼;50ml;;0.00;;4,964;7,216.00;35,820,224;1,043;58,501.40;61,016,961;3,921;7,216.00;87.77;28,293,936;59,000.00;231,339,000;203,045,064;;20065;코스메카코리아;;8809783327517
코스메카코리아;10468;# 히스토로지카 레티놀 크림;30ml;;0.00;;4,948;2,633.40;13,030,063;418;5,553.70;2,321,446;4,530;2,633.40;96.18;11,929,302;69,000.00;312,570,000;300,640,698;;20065;코스메카코리아;;8809783327524
코스메카코리아;08419;샘플 - 포스트케어&선샤인 블레미쉬밤;1g;141,783;300.00;42,534,900;683,800;223.25;152,658,158;742,420;0.09;69,986;83,163;121.00;0.00;10,062,723;0.00;;-10,062,723;;20065;코스메카코리아;;
;;[코스메카코리아] 소계;;148,036;;75,774,637;793,104;;624,848,238;840,860;;1,156,453,180;100,280;;;80,394,621;;751,893,000;671,498,378;;;;;
코스모C&T;06380;데모 - 코스모)바이탈 4;;1;990,000.00;990,000;;0.00;;;0.00;;1;990,000.00;-98,999,900.00;990,000;1.00;1;-989,999;;27871;코스모C&T;;
;;[코스모C&T] 소계;;1;;990,000;;;;;;;1;;;990,000;;1;-989,999;;;;;
토탈패키지;05089;비닐쇼핑백 히스토랩 - 소;20*28(M4) 두께0.11 양면2도;21,230;80.30;1,704,769;171,200;91.58;15,678,410;180,480;0.00;;11,950;99.00;0.00;1,183,050;0.00;;-1,183,050;;25993;토탈패키지;;
;;[토탈패키지] 소계;;21,230;;1,704,769;171,200;;15,678,410;180,480;;;11,950;;;1,183,050;;;-1,183,050;;;;;
티코스;09424;무지용기-히스토랩 펩타 메이드 헤어 에센스 100ml;;;0.00;;3,000;176.00;528,000;-224;0.00;;3,224;176.00;-17,500.00;567,424;1.00;3,224;-564,200;;34775;티코스;;
티코스;09423;오일펌프-히스토랩 펩타 메이드 헤어 에센스 100ml;24파이;;0.00;;3,000;660.00;1,980,000;;0.00;;3,000;660.00;-65,900.00;1,980,000;1.00;3,000;-1,977,000;;34775;티코스;;
;;[티코스] 소계;;;;;6,000;;2,508,000;-224;;;6,224;;;2,547,424;;6,224;-2,541,200;;;;;
하나산업;06278;겟도바시 - 프리미엄/화이트니스 앰플세트;;100;275.00;27,500;1,759;312.52;549,725;255;0.00;;1,604;341.00;-34,000.00;546,964;1.00;1,604;-545,360;;28177;하나산업;;
하나산업;09360;겟도바시 - 히스토랩 펩타 메이드 스케일러 10ml*8vials;194*150*46/FPS순백무광시트/PS/0.7T;;0.00;;3,080;297.00;914,760;-180;0.00;;3,260;297.00;0.00;968,220;0.00;;-968,220;;28177;하나산업;;
하나산업;09359;겟도바시 - 히스토랩 펩타 메이드 앰플 5ml*8vials;187*126.5*41/FPS순백무광시트/PS/0.7T;;0.00;;2,400;283.25;679,800;-20;0.00;;2,420;297.00;-29,600.00;718,740;1.00;2,420;-716,320;;28177;하나산업;;
;;[하나산업] 소계;;100;;27,500;7,239;;2,144,285;55;;;7,284;;;2,233,924;;4,024;-2,229,900;;;;;
한국콜마;09981;# 히스토랩 아줄렌 톤업크림;50ml;;0.00;;9,093;4,662.37;42,394,938;7,637;13,187.35;100,711,795;1,456;4,129.40;82.79;6,012,406;24,000.00;34,944,000;28,931,594;;10441;한국콜마;;8809782556161
;;[한국콜마] 소계;;;;;9,093;;42,394,938;7,637;;100,711,795;1,456;;;6,012,406;;34,944,000;28,931,594;;;;;
한국특수인쇄지기 최윤철;02353;히스토랩 단가표;;4,488;617.93;2,773,270;;0.00;;4,489;-0.11;-500;-1;617.93;-23.59;-618;500.00;-500;118;;26426;한국특수인쇄지기 최윤철;;
;;[한국특수인쇄지기 최윤철] 소계;;4,488;;2,773,270;;;;4,489;;-500;-1;;;-618;;-500;118;;;;;
한일수출포장;04554;아웃박스-5호/물류전용;310*210*310;1,180;528.00;623,040;48,357;485.76;23,490,115;49,637;0.00;;-100;495.00;-49,400.00;-49,500;1.00;-100;49,400;;28966;한일수출포장;;
한일수출포장;04241;아웃박스-6호/물류전용;290*185*190;100;346.50;34,650;32,976;312.14;10,292,985;33,196;0.00;;-120;330.00;-32,900.00;-39,600;1.00;-120;39,480;;28966;한일수출포장;;
한일수출포장;04555;아웃박스-7호/물류전용;235*150*135;2,400;198.00;475,200;45,059;210.77;9,496,938;47,704;0.00;;-245;220.00;-21,900.00;-53,900;1.00;-245;53,655;;28966;한일수출포장;;
;;[한일수출포장] 소계;;3,680;;1,132,890;126,392;;43,280,038;130,537;;;-465;;;-143,000;;-465;142,535;;;;;
현성비닐포장;04779;지퍼백 히스토랩 - 대;5*20*30;32,480;31.35;1,018,248;20,000;36.58;731,500;43,480;0.00;;9,000;41.80;0.00;376,200;0.00;;-376,200;;26715;현성비닐포장;;
현성비닐포장;04854;지퍼백 히스토랩 - 소;10*12;34,020;8.80;299,376;40,900;11.10;453,926;72,810;0.00;;2,110;11.22;0.00;23,674;0.00;;-23,674;;26715;현성비닐포장;;
현성비닐포장;04778;지퍼백 히스토랩 - 중;5*15*21.5;176,996;18.70;3,309,825;277,200;20.65;5,725,104;453,106;0.00;;1,090;23.43;0.00;25,539;0.00;;-25,539;;26715;현성비닐포장;;
;;[현성비닐포장] 소계;;243,496;;4,627,449;338,100;;6,910,530;569,396;;;12,200;;;425,413;;;-425,413;;;;;
히트커뮤니케이션;08246;쇼케이스 - 아오와;;4;360,506.00;1,442,024;61;275,306.13;16,793,674;63;0.00;;2;223,737.80;-22,373,680.00;447,476;1.00;2;-447,474;;28269;히트커뮤니케이션;;
히트커뮤니케이션;08247;쇼케이스 - 프라우드메리;;3;473,000.00;1,419,000;;0.00;;5;0.00;;-2;473,000.00;-47,299,900.00;-946,000;1.00;-2;945,998;;28269;히트커뮤니케이션;;
히트커뮤니케이션;08248;쇼케이스 - 히스토랩[블랙];;;0.00;;292;264,965.06;77,369,798;260;0.00;;32;360,506.00;-36,050,500.00;11,536,192;1.00;32;-11,536,160;;28269;히트커뮤니케이션;;
;;[히트커뮤니케이션] 소계;;7;;2,861,024;353;;94,163,472;328;;;32;;;11,037,668;;32;-11,037,636;;;;;
;;합   계;;2,651,644;;2,956,827,591;25,902,320;;33,380,778,723;26,608,239;;59,109,305,171;1,945,725;;;1,997,923,004;;8,767,884,778;6,769,961,767;;;;;
