(주)메디안스랩;08684;# 글루틴 비타씨 앰플 컴플렉스 시트마스크;30g;17944;525.00;9420600;267210;541.12;144592875;257990;1328.68;342786343;27164;579.70;71.02;15746971;2000.00;54328000;38581029;0;30705;(주)헤븐코스;0;8809412755131
(주)메디안스랩;08682;# 글리진 아줄렌 앰플 컴플렉스 시트마스크;30g;12360;525.00;6489000;528470;549.07;290166252;493884;769.28;379936079;46946;609.40;69.53;28608892;2000.00;93892000;65283108;0;30705;(주)헤븐코스;0;8809412755117
(주)메디안스랩;08299;# 랩) 바이오 스템셀 앰플;1ml*10EA;1927;9500.00;18306500;15957;9597.47;153146829;14327;16963.23;243032189;3557;9890.10;73.97;35179086;38000.00;135166000;99986914;0;32067;(주)메디안스랩;0;8809412754400
(주)메디안스랩;08137;# 랩) 비타 화이트닝 시트마스크;30g;112875;410.10;46290038;114694;408.45;46846314;213170;623.81;132978216;14399;403.70;79.82;5812876;2000.00;28798000;22985124;0;32067;(주)메디안스랩;0;8809412752369
(주)메디안스랩;06791;# 랩) 비타씨 컴플렉스 앰플 47%;50ml;1182;6000.01;7092012;155329;5427.95;843118463;150506;9048.33;1361828363;6005;4186.60;83.25;25140533;25000.00;150125000;124984467;0;32067;(주)메디안스랩;0;8809412751959
(주)메디안스랩;06792;# 랩) 비타씨 컴플렉스 앰플 47%;150ml;2197;12000.00;26364000;35308;10808.40;381622922;34911;32113.72;1121122017;2594;6801.30;88.27;17642572;58000.00;150452000;132809428;0;32067;(주)메디안스랩;0;8809412751966
(주)메디안스랩;09225;# 랩) 비타씨 컴플렉스 앰플 47%;80ml;0;0.00;0;30918;7788.12;240793209;28672;22607.25;648195204;2246;5809.10;79.25;13047239;28000.00;62888000;49840761;0;32067;(주)메디안스랩;0;8809412755612
(주)메디안스랩;06713;# 랩) 아줄렌 컴플렉스 앰플 72%;50ml;888;9000.00;7992000;53206;6605.01;351426099;46148;11064.91;510623283;7946;3967.70;86.32;31527344;29000.00;230434000;198906656;0;32067;(주)메디안스랩;0;8809412751911
(주)메디안스랩;06783;# 랩) 아줄렌 컴플렉스 앰플 72%;150ml;2559;20000.00;51180000;46910;16470.47;772629515;46152;42407.03;1957169334;3317;6212.80;90.59;20607858;66000.00;218922000;198314142;0;32067;(주)메디안스랩;0;8809412751928
(주)메디안스랩;09227;# 랩) 아줄렌 컴플렉스 앰플 72%;80ml;0;0.00;0;53227;8897.29;473575828;50396;26153.22;1318017641;2831;5481.30;82.87;15517560;32000.00;90592000;75074440;0;32067;(주)메디안스랩;0;8809412755599
(주)메디안스랩;07879;# 랩) 아쿠아 모이스춰 솔루션 HYD;520g;628;7000.00;4396000;29560;6435.53;190234234;28795;14086.20;405612178;1393;4140.40;85.72;5767577;29000.00;40397000;34629423;0;32067;(주)메디안스랩;0;8809412751706
(주)메디안스랩;07696;# 랩) 아쿠아 필링 솔루션 AHA;520g;4892;7000.00;34244000;54618;6397.19;349401655;57864;14319.97;828610850;1646;4116.20;85.81;6775265;29000.00;47734000;40958735;0;32067;(주)메디안스랩;0;8809412751867
(주)메디안스랩;07697;# 랩) 아쿠아 필링 솔루션 BHA;520g;4552;7000.00;31864000;54425;6375.45;346983997;56328;11343.51;638957384;2649;4238.30;85.39;11227257;29000.00;76821000;65593743;0;32067;(주)메디안스랩;0;8809412751515
(주)메디안스랩;06790;# 랩) 아크넥스 감마 크리스탈세럼;500ml;1583;12650.00;20024950;5343;10103.03;53980498;6023;28971.13;174493105;903;5896.00;87.18;5324088;46000.00;41538000;36213912;0;32067;(주)메디안스랩;0;8809412751843
(주)메디안스랩;09228;# 랩) 아크넥스 감마 크리스탈세럼;80ml;0;0.00;0;11926;5541.56;66088650;11575;15004.58;173678009;351;2355.10;88.79;826640;21000.00;7371000;6544360;0;32067;(주)메디안스랩;0;8809412755643
(주)메디안스랩;06756;# 랩) 아크넥스 델타 액티브크림;500ml;1333;10720.00;14289760;5915;9283.62;54912641;6544;33641.54;220150206;704;6457.00;88.47;4545728;56000.00;39424000;34878272;0;32067;(주)메디안스랩;0;8809412751850
(주)메디안스랩;09220;# 랩) 아크넥스 델타 액티브크림;80ml;0;0.00;0;17830;5301.14;94519300;17512;14084.81;246653110;318;2439.80;88.91;775856;22000.00;6996000;6220144;0;32067;(주)메디안스랩;0;8809412755629
(주)메디안스랩;06988;# 랩) 아크넥스 베타 후레쉬토너;1200ml;359;11360.00;4078240;6819;10242.21;69841646;6321;23492.95;148498952;857;7437.10;79.90;6373595;37000.00;31709000;25335405;0;32067;(주)메디안스랩;0;8809412751836
(주)메디안스랩;09229;# 랩) 아크넥스 베타 후레쉬토너;200ml;0;0.00;0;13611;4867.49;66251347;12927;11598.85;149938316;684;4392.30;70.72;3004333;15000.00;10260000;7255667;0;32067;(주)메디안스랩;0;8809412755803
(주)메디안스랩;06722;# 랩) 아크넥스 알파 클렌징폼;1200ml;247;12870.00;3178890;7019;12306.95;86382450;6946;23309.55;161908158;320;8910.00;77.73;2851200;40000.00;12800000;9948800;0;32067;(주)메디안스랩;0;8809412751829
(주)메디안스랩;09224;# 랩) 아크넥스 알파 클렌징폼;200ml;0;0.00;0;21188;4996.72;105870600;19729;12142.91;239567540;1459;2825.90;83.38;4122988;17000.00;24803000;20680012;0;32067;(주)메디안스랩;0;8809412755650
(주)메디안스랩;08138;# 랩) 엔자임 파우더 워시;50g;3754;3180.00;11937720;57753;3247.82;187571148;60170;6069.91;365226221;1337;3572.80;60.30;4776834;9000.00;12033000;7256166;0;32067;(주)메디안스랩;0;8809412751508
(주)메디안스랩;07878;# 랩) 워터맥스 밀크클렌져;1200ml;3520;13500.00;47520000;22504;12313.92;277112546;24703;30280.51;748019316;1321;9957.20;78.35;13153461;46000.00;60766000;47612539;0;32067;(주)메디안스랩;0;8809412751492
(주)메디안스랩;06717;# 랩) 워터맥스 인퓨젼미스트;1200ml;2609;10500.00;27394500;30914;9720.80;300508900;31560;28192.39;889751795;1963;7254.50;81.40;14240584;39000.00;76557000;62316416;0;32067;(주)메디안스랩;0;8809412751607
(주)메디안스랩;09231;# 랩) 워터맥스 인퓨젼미스트;200ml;0;0.00;0;11500;6972.12;80179359;10659;12427.87;132468631;841;4248.20;78.76;3572736;20000.00;16820000;13247264;0;32067;(주)메디안스랩;0;8809412755797
(주)메디안스랩;06788;# 랩) 워터맥스 하이드레이팅 모이스춰라이져;500ml;2173;10500.00;22816500;10049;9580.60;96275434;11876;29807.55;353994449;346;5910.30;87.15;2044964;46000.00;15916000;13871036;0;32067;(주)메디안스랩;0;8809412751782
(주)메디안스랩;06787;# 랩) 워터맥스 하이드레이팅 크림;500ml;1941;11000.00;21351000;25374;10244.91;259954303;26498;38901.36;1030808342;817;7005.90;87.92;5723820;58000.00;47386000;41662180;0;32067;(주)메디안스랩;0;8809412751805
(주)메디안스랩;09223;# 랩) 워터맥스 하이드레이팅 크림;80ml;0;0.00;0;15668;5842.92;91546838;14899;16624.62;247690155;769;2621.30;91.81;2015780;32000.00;24608000;22592220;0;32067;(주)메디안스랩;0;8809412755674
(주)메디안스랩;06687;# 랩) 이온토C;1.5g*vial;62825;1590.00;99891750;310231;1476.38;458020143;354191;3888.15;1377149230;18865;1086.80;78.26;20502482;5000.00;94325000;73822518;0;32067;(주)메디안스랩;0;8809412751522
(주)메디안스랩;06753;# 랩) 이온토P;20ml*vial;17666;2610.00;46108260;79838;2216.50;176960984;93083;5230.58;486878184;4421;1036.20;85.20;4581040;7000.00;30947000;26365960;0;32067;(주)메디안스랩;0;8809412752253
(주)메디안스랩;06990;# 랩) 이온토V;20ml*vial;6860;2307.00;15826020;192460;2173.81;418372092;197530;3601.72;711447600;1790;1034.00;82.77;1850860;6000.00;10740000;8889140;0;32067;(주)메디안스랩;0;8809412752550
(주)메디안스랩;06712;# 랩) 이지에프 컴플렉스 앰플 50%;50ml;971;9000.00;8739000;29532;8673.06;256132800;28604;11078.93;316901768;1899;5781.60;80.06;10979258;29000.00;55071000;44091742;0;32067;(주)메디안스랩;0;8809412751973
(주)메디안스랩;06785;# 랩) 이지에프 컴플렉스 앰플 50%;150ml;2805;20000.00;56100000;32198;17893.28;576127846;33980;42945.23;1459278932;1023;11584.10;82.45;11850534;66000.00;67518000;55667466;0;32067;(주)메디안스랩;0;8809412751980
(주)메디안스랩;09226;# 랩) 이지에프 컴플렉스 앰플 50%;80ml;0;0.00;0;26652;10662.58;284179055;25089;25404.50;637373551;1563;8358.90;73.88;13064961;32000.00;50016000;36951039;0;32067;(주)메디안스랩;0;8809412755582
(주)메디안스랩;07948;# 랩) 클리어로션;1200ml;2597;18000.00;46746000;14886;16948.30;252292442;16833;50089.30;843153166;650;13974.40;81.37;9083360;75000.00;48750000;39666640;0;32067;(주)메디안스랩;0;8809412754363
(주)메디안스랩;07952;# 랩) 포스트 쿨링 시트마스크;30g;97368;410.10;39930617;319570;408.30;130479657;391304;734.25;287314756;25634;403.70;79.82;10348446;2000.00;51268000;40919554;0;32067;(주)메디안스랩;0;8809412752352
(주)메디안스랩;07090;# 랩) 포스트케어 히스토셀크림;500ml;2340;18700.00;43758000;26908;15572.29;419019129;26806;37185.78;996802043;2442;7591.10;86.91;18537466;58000.00;141636000;123098534;0;32067;(주)메디안스랩;0;8809412751768
(주)메디안스랩;07092;# 랩) 포스트케어 히스토셀크림;12ml;13965;1710.01;23880290;71582;1607.68;115080859;82672;4001.74;330831699;2875;1239.70;79.34;3564138;6000.00;17250000;13685862;0;32067;(주)메디안스랩;0;8809412752161
(주)메디안스랩;07093;# 랩) 포스트케어 히스토셀크림;50ml;4726;6240.00;29490240;101417;5234.23;530839680;99142;13511.00;1339507290;7001;1989.90;91.71;13931290;24000.00;168024000;154092710;0;32067;(주)메디안스랩;0;8809412751614
(주)메디안스랩;06685;# 랩) 프리미엄 리뉴얼에센스;500ml;2363;18520.00;43762760;7812;15320.31;119682283;9590;43780.95;419859273;585;5889.40;91.08;3445299;66000.00;38610000;35164701;0;32067;(주)메디안스랩;0;8809412751621
(주)메디안스랩;07139;# 랩) 프리미엄 아이크림;250g;1696;13650.00;23150400;7434;11445.42;85085250;8192;34679.12;284091344;938;5435.10;90.12;5098124;55000.00;51590000;46491876;0;32067;(주)메디안스랩;0;8809412752208
(주)메디안스랩;07880;# 랩) 프리미엄 에너자이징솔루션;1200ml;1885;15600.00;29406000;2531;11887.53;30087339;3960;24257.23;96058634;456;6342.60;86.21;2892226;46000.00;20976000;18083774;0;32067;(주)메디안스랩;0;8809412751683
(주)메디안스랩;06706;# 랩) 프리미엄 타임리스크림;500g;2363;18520.00;43762760;8934;16843.86;150483007;10596;47077.73;498835660;701;10314.70;85.67;7230605;72000.00;50472000;43241395;0;32067;(주)메디안스랩;0;8809412751645
(주)메디안스랩;07058;# 랩) 히스토 라이트닝크림마스크;250g;2276;5500.00;12518000;14351;4866.38;69837350;16032;15319.35;245599874;595;3479.30;88.00;2070184;29000.00;17255000;15184816;0;32067;(주)메디안스랩;0;8809412752642
(주)메디안스랩;07170;# 랩) 히스토 모이스춰라이징크림마스크;250g;1463;7000.00;10241000;12853;6422.36;82546601;13087;15886.73;207909690;1229;4820.20;83.38;5924026;29000.00;35641000;29716974;0;32067;(주)메디안스랩;0;8809412753120
(주)메디안스랩;07138;# 랩) 히스토 세범캐치크림마스크;250g;1243;6000.01;7458012;11916;5566.91;66335242;12597;15641.36;197034190;562;3414.40;88.23;1918893;29000.00;16298000;14379107;0;32067;(주)메디안스랩;0;8809412752765
(주)메디안스랩;06786;# 랩) 히스토 알로에 베라 젤;1200ml;2386;16000.00;38176000;37888;14250.05;539905936;38395;37669.26;1446311118;1879;9905.50;83.21;18612435;59000.00;110861000;92248565;0;32067;(주)메디안스랩;0;8809412752383
(주)메디안스랩;08245;# 랩) 히스토 컨덕티브 젤;500ml;1444;4400.00;6353600;13717;5862.07;80410066;14788;10610.63;156909963;373;5966.40;60.22;2225467;15000.00;5595000;3369533;0;32067;(주)메디안스랩;0;8809412754417
(주)메디안스랩;07056;# 랩) 히스토 포인트리무버;280ml;2551;6001.00;15308551;7947;5796.09;46061527;9408;18649.22;175451875;1090;5168.90;82.18;5634101;29000.00;31610000;25975899;0;32067;(주)메디안스랩;0;8809412752215
(주)메디안스랩;08379;# 랩) 히스토 HQ 크림(고주파크림);1100ml;3199;12000.00;38388000;6968;12478.57;86950681;9577;15919.97;152465526;590;13700.50;31.50;8083295;20000.00;11800000;3716705;0;32067;(주)메디안스랩;0;8809412754561
(주)메디안스랩;06715;# 랩) 히알루론 컴플렉스 앰플 62%;50ml;1131;6000.01;6786011;225849;5290.60;1194875848;216590;9018.94;1953411883;10390;3743.30;85.03;38892887;25000.00;259750000;220857113;0;32067;(주)메디안스랩;0;8809412751935
(주)메디안스랩;06755;# 랩) 히알루론 컴플렉스 앰플 62%;150ml;1518;12000.00;18216000;39374;10335.87;406964724;38874;31437.93;1222118032;2018;5557.20;90.42;11214430;58000.00;117044000;105829570;0;32067;(주)메디안스랩;0;8809412751942
(주)메디안스랩;09222;# 랩) 히알루론 컴플렉스 앰플 62%;80ml;0;0.00;0;27218;7480.50;203604259;25606;22978.10;588377104;1612;5124.90;81.70;8261339;28000.00;45136000;36874661;0;32067;(주)메디안스랩;0;8809412755605
(주)메디안스랩;08764;# 랩)에이씨 수딩 시트마스크;30g;66579;410.00;27297390;67083;409.24;27452811;124305;721.83;89727278;9357;403.70;79.82;3777421;2000.00;18714000;14936579;0;32067;(주)메디안스랩;0;8809412752376
(주)메디안스랩;09435;# 레드아웃 히스토 케이크림;500ml;0;0.00;0;15001;16218.41;243292416;13669;36705.30;501724678;1332;8173.00;85.91;10886436;58000.00;77256000;66369564;0;32067;(주)메디안스랩;0;8809412756152
(주)메디안스랩;09473;# 레드아웃 히스토 케이크림;50ml;0;0.00;0;39750;5261.39;209140096;37352;9445.97;352825914;2398;2048.20;91.47;4911584;24000.00;57552000;52640416;0;32067;(주)메디안스랩;0;8809412756374
(주)메디안스랩;09474;# 레드아웃 히스토 케이크림;12ml;0;0.00;0;39031;1702.20;66438450;35383;3663.79;129635761;3648;1144.00;80.93;4173312;6000.00;21888000;17714688;0;32067;(주)메디안스랩;0;8809412756367
(주)메디안스랩;07440;# 리커버리 리차지 아이크림;30g;309;6050.00;1869450;4951;5393.69;26704150;4785;8247.10;39462363;475;2800.60;88.33;1330285;24000.00;11400000;10069715;0;32067;(주)메디안스랩;0;8809412753328
(주)메디안스랩;07441;# 리커버리 리차지 아이크림;250g;622;14300.00;8894600;4217;14300.00;60303100;4640;26562.89;123251796;199;14300.00;74.00;2845700;55000.00;10945000;8099300;0;32067;(주)메디안스랩;0;8809412753335
(주)메디안스랩;07434;# 리커버리 부스터 솔루션;140ml;1069;8800.00;9407200;2651;6767.49;17940604;2993;10707.01;32046091;727;3954.50;82.03;2874922;22000.00;15994000;13119078;0;32067;(주)메디안스랩;0;8809412753281
(주)메디안스랩;10005;# 리커버리 부스터 솔루션;1000ml;0;0.00;0;1433;8175.75;11715845;896;19076.71;17092732;537;5714.50;87.58;3068687;46000.00;24702000;21633313;0;32067;(주)메디안스랩;0;8809412757029
(주)메디안스랩;07438;# 리커버리 액티브 볼륨 크림;50g;825;9900.00;8167500;2517;8657.31;21790450;3144;16673.78;52422375;198;3644.30;89.28;721571;34000.00;6732000;6010429;0;32067;(주)메디안스랩;0;8809412753342
(주)메디안스랩;07436;# 리커버리 인텐시브 볼륨 에센스;50ml;924;8800.00;8131200;2497;6257.71;15625500;2594;16264.23;42189403;827;2451.90;92.09;2027721;31000.00;25637000;23609279;0;32067;(주)메디안스랩;0;8809412753304
(주)메디안스랩;07437;# 리커버리 인텐시브 볼륨 에센스;500ml;871;22000.00;19162000;4991;20412.23;101877424;5632;32159.66;181123190;230;5456.00;91.73;1254880;66000.00;15180000;13925120;0;32067;(주)메디안스랩;0;8809412753311
(주)메디안스랩;04504;# 마일드 알라(MILD ALA);1ml*10ea;588;46000.00;27048000;5312;42715.93;226906994;5890;88461.07;521035717;10;29063.10;80.36;290631;148000.00;1480000;1189369;0;32067;(주)메디안스랩;0;8809412751874
(주)메디안스랩;08683;# 살먼 링클 앰플 컴플렉스 시트마스크;30g;14329;525.00;7522725;346678;559.16;193849950;346137;667.82;231158382;14870;623.70;68.82;9274419;2000.00;29740000;20465581;0;30705;(주)헤븐코스;0;8809412755124
(주)메디안스랩;09978;# 샘플 - 아줄렌디엔에이크림&톤업크림;1ml;0;0.00;0;332272;135.31;44960324;287946;0.22;64017;44326;149.60;0.00;6631170;0.00;0;-6631170;0;32067;(주)메디안스랩;0;
(주)메디안스랩;10422;# 샘플 - 히스토랩 14종;0;0;0.00;0;0;0.00;0;160;0.00;0;-160;.00;0.00;0;0.00;0;0;0;32067;(주)메디안스랩;0;
(주)메디안스랩;08881;# 세라클레스 워터크림;80g;811;3960.00;3211560;29989;3767.21;112974993;30245;8980.84;271625502;555;2995.30;78.61;1662392;14000.00;7770000;6107608;0;32067;(주)메디안스랩;0;8809412755308
(주)메디안스랩;07461;# 아오와 릴렉싱큐어 쿨링 시트마스크;30g;13647;550.00;7505850;64037;503.87;32266553;67606;671.97;45429036;10078;403.70;79.82;4068489;2000.00;20156000;16087511;0;32067;(주)메디안스랩;0;8809412753533
(주)메디안스랩;10423;# 아오와 비타민 케이크림;80g;0;0.00;0;10517;2414.50;25393296;9205;8964.26;82515970;1312;2414.50;87.93;3167824;20000.00;26240000;23072176;0;32067;(주)메디안스랩;0;8809412757265
(주)메디안스랩;09126;# 아오와 샤이닝 세라마이드 워터 크림;200g;0;0.00;0;28453;5430.63;154517660;26993;12886.86;347854880;1460;4345.00;82.62;6343700;25000.00;36500000;30156300;0;32067;(주)메디안스랩;0;8809412755469
(주)메디안스랩;08368;# 아오와 아쿠아 솔루션 앰플세트;0;722;32450.00;23428900;4357;28650.21;124828957;4539;51771.64;234991459;540;21241.00;64.00;11470140;59000.00;31860000;20389860;0;32067;(주)메디안스랩;0;8809412753816
(주)메디안스랩;10338;# 아오와 알로에 플러스 젤;1000ml;0;0.00;0;1480;10687.78;15817912;1370;32555.93;44601630;110;8440.30;85.69;928433;59000.00;6490000;5561567;0;32067;(주)메디안스랩;0;8809412757128
(주)메디안스랩;09539;# 아오와 엘라줄렌 펩타블루 카밍앰플;50ml;0;0.00;0;45404;11306.91;513378824;43634;3848.41;167921695;1770;4048.00;94.38;7164960;72000.00;127440000;120275040;0;32067;(주)메디안스랩;0;8809412756503
(주)메디안스랩;09689;# 아오와 엘라줄렌 펩타블루 카밍앰플;150ml;0;0.00;0;5351;36300.00;194241300;4976;19391.30;96491099;375;36300.00;77.87;13612500;164000.00;61500000;47887500;0;32067;(주)메디안스랩;0;
(주)메디안스랩;09540;# 아오와 엘라줄렌 펩타블루 항노화크림;50g;0;0.00;0;95888;6923.50;663880557;90426;3632.09;328435378;5462;2701.60;94.70;14756139;51000.00;278562000;263805861;0;32067;(주)메디안스랩;0;8809412756497
(주)메디안스랩;08989;# 아오와 이온스 브이 솔루션;20ml;19036;2307.00;43916052;20400;2084.24;42518429;35671;2739.93;97735966;3765;1271.60;78.81;4787574;6000.00;22590000;17802426;0;32067;(주)메디안스랩;0;8809412755377
(주)메디안스랩;08988;# 아오와 이온스 씨 솔루션;1.5g;19627;1590.00;31206930;25145;1481.99;37264632;38518;2331.53;89805982;6254;1305.70;73.89;8165848;5000.00;31270000;23104152;0;32067;(주)메디안스랩;0;8809412755360
(주)메디안스랩;09125;# 아오와 펩타이드 하이드로겔 멀티 크림;200g;0;0.00;0;34663;5716.09;198136900;32597;13208.75;430565555;2066;5159.00;79.36;10658494;25000.00;51650000;40991506;0;32067;(주)메디안스랩;0;8809412755452
(주)메디안스랩;07726;# 아오와 프리미엄 테라피 마사지 크림;1000ml;0;0.00;0;3670;14550.42;53400039;3276;15979.05;52347359;394;17229.30;31.08;6788344;25000.00;9850000;3061656;0;32067;(주)메디안스랩;0;8809412753939
(주)메디안스랩;09987;# 아줄렌 카밍앰플 80%;5ml*8ea;0;0.00;0;2005;24511.57;49145697;1473;41838.10;61627520;532;10283.90;92.81;5471035;143000.00;76076000;70604965;0;32067;(주)메디안스랩;0;
(주)메디안스랩;08681;# 아쿠아 히알루론 앰플 컴플렉스 시트마스크;30g;40469;525.00;21246225;624459;535.38;334321337;661452;896.37;592904839;3476;565.40;71.73;1965330;2000.00;6952000;4986670;0;30705;(주)헤븐코스;0;8809412755100
(주)메디안스랩;09230;# 아크넥스 오메가 스팟솔루션;20ml;0;0.00;0;14034;2500.00;35085000;12777;6521.37;83323492;1257;2500.00;72.22;3142500;9000.00;11313000;8170500;0;32067;(주)메디안스랩;0;8809412755827
(주)메디안스랩;06862;# 아크넥스앰플세트;0;1470;40310.00;59255700;14270;34345.61;490111789;14871;50002.17;743582224;869;17784.80;67.07;15454991;54000.00;46926000;31471009;0;32067;(주)메디안스랩;0;8809412752321
(주)메디안스랩;05075;# 알라 엠(ALA-M);1ml*10ea;198;78000.00;15444000;2529;75337.08;190527472;2191;154844.91;339265207;536;64769.10;75.56;34716238;265000.00;142040000;107323762;0;32067;(주)메디안스랩;0;8809412751881
(주)메디안스랩;08883;# 애니타임 시카 세이프 크림;50g;378;4400.00;1663200;33420;4091.99;136754285;32904;10516.57;346037239;894;2567.40;83.95;2295256;16000.00;14304000;12008744;0;32067;(주)메디안스랩;0;8809412755315
(주)메디안스랩;08884;# 애니타임 시카 세이프 크림;250g;2343;9350.00;21907050;10015;8478.39;84911124;11993;21078.06;252789192;365;6350.30;81.86;2317860;35000.00;12775000;10457140;0;32067;(주)메디안스랩;0;8809412755322
(주)메디안스랩;07894;# 워터맥스 폼클렌져;1200ml;2201;11700.00;25751700;41000;11095.87;454930851;42477;28675.22;1218037518;724;10051.80;76.07;7277503;42000.00;30408000;23130497;0;32067;(주)메디안스랩;0;8809412751713
(주)메디안스랩;09221;# 워터맥스 폼클렌져;200ml;0;0.00;0;32871;5542.38;182183643;31306;14973.26;468752863;1565;3015.10;87.44;4718632;24000.00;37560000;32841368;0;32067;(주)메디안스랩;0;8809412755667
(주)메디안스랩;09559;# 워터맥스 하이드레이팅 모이스춰라이져;80ml;0;0.00;0;6654;6992.41;46527470;6032;16569.18;99945268;622;2680.70;91.06;1667395;30000.00;18660000;16992605;0;32067;(주)메디안스랩;0;8809412756510
(주)메디안스랩;06861;# 워터맥스앰플세트;0;1467;31620.00;46386540;9323;28713.07;267691983;10056;53748.76;540497551;734;16483.50;72.06;12098889;59000.00;43306000;31207111;0;32067;(주)메디안스랩;0;8809412752338
(주)메디안스랩;08377;# 인텐-큐어 바이탈 컴플렉스 앰플;150ml;1718;15400.00;26457200;9078;14337.98;130160184;10456;23740.31;248228726;340;6094.00;89.84;2071960;60000.00;20400000;18328040;0;32067;(주)메디안스랩;0;8809412753793
(주)메디안스랩;07473;# 인텐-큐어 쉴드 플러스 선 크림;50ml;483;10450.00;5047350;11503;8635.09;99329450;10842;11577.48;125523044;1144;4367.00;81.01;4995848;23000.00;26312000;21316152;0;32067;(주)메디안스랩;0;8809412753694
(주)메디안스랩;07463;# 인텐-큐어 엔자임 워시 파우더;50g;256;4950.00;1267200;15951;4597.83;73340011;14991;5974.68;89566410;1216;3734.50;62.28;4541152;9900.00;12038400;7497248;0;32067;(주)메디안스랩;0;8809412753809
(주)메디안스랩;07465;# 인텐-큐어 카밍 컴플렉스 앰플;150ml;1739;19800.00;34432200;10577;17687.69;187082676;12073;37711.29;455288438;243;7276.50;89.30;1768190;68000.00;16524000;14755810;0;32067;(주)메디안스랩;0;8809412753731
(주)메디안스랩;07467;# 인텐-큐어 프리미엄 컴플렉스 앰플;150ml;758;19800.00;15008400;8554;18979.95;162354500;9110;34268.49;312185935;202;12785.30;81.20;2582631;68000.00;13736000;11153369;0;32067;(주)메디안스랩;0;8809412753755
(주)메디안스랩;07469;# 인텐-큐어 하이드로 컴플렉스 앰플;150ml;556;15400.00;8562400;6393;11956.26;76436360;6566;31770.19;208603060;383;7062.00;88.23;2704746;60000.00;22980000;20275254;0;32067;(주)메디안스랩;0;8809412753779
(주)메디안스랩;08238;# 카운터액티브 버블클리어II;150ml;1953;4800.00;9374400;7856;4304.49;33816112;8912;8996.96;80180913;897;2801.70;81.32;2513125;15000.00;13455000;10941875;0;32067;(주)메디안스랩;0;8809412752154
(주)메디안스랩;07477;# 컨트롤 클리니컬 토너;140ml;845;7590.00;6413550;4124;6215.63;25633255;4096;11531.48;47232958;873;4455.00;70.30;3889215;15000.00;13095000;9205785;0;32067;(주)메디안스랩;0;8809412753434
(주)메디안스랩;10455;# 컨트롤 클리니컬 토너;1000ml;0;0.00;0;1035;37000.00;38295000;342;18494.81;6325224;693;37000.00;0.00;25641000;37000.00;25641000;0;0;32067;(주)메디안스랩;0;
(주)메디안스랩;07481;# 컨트롤 클리어 세럼;50ml;359;7700.00;2764300;4027;6473.53;26068900;3583;15665.53;56129578;803;2761.00;87.45;2217083;22000.00;17666000;15448917;0;32067;(주)메디안스랩;0;8809412753472
(주)메디안스랩;10445;# 컨트롤 클리어 세럼/신용기;500ml;0;0.00;0;693;6300.80;4366454;318;18993.71;6040000;375;6300.80;86.30;2362800;46000.00;17250000;14887200;0;32067;(주)메디안스랩;0;8809412753489
(주)메디안스랩;07485;# 컨트롤 클리어 스팟;30ml;2441;5280.00;12888480;9535;3605.32;34376727;10779;6990.64;75352141;1197;2203.30;87.76;2637350;18000.00;21546000;18908650;0;32067;(주)메디안스랩;0;8809412753496
(주)메디안스랩;07483;# 컨트롤 클리어 크림;50ml;514;7700.00;3957800;4550;6645.69;30237900;4288;16317.17;69968004;776;2902.90;88.39;2252650;25000.00;19400000;17147350;0;32067;(주)메디안스랩;0;8809412753496
(주)메디안스랩;07479;# 컨트롤 클리어링 폼클렌저;150ml;1005;7920.00;7959600;3996;7920.00;31648320;4597;10343.04;47546946;404;7920.00;47.20;3199680;15000.00;6060000;2860320;0;32067;(주)메디안스랩;0;8809412753441
(주)메디안스랩;07480;# 컨트롤 클리어링 폼클렌저;480ml;469;10450.00;4901050;3736;8468.84;31639581;3201;14206.11;45473752;1004;5397.70;80.72;5419291;28000.00;28112000;22692709;0;32067;(주)메디안스랩;0;8809412753465
(주)메디안스랩;10424;# 트리플 모이스처라이저 올오버 크림;200ml;0;0.00;0;4946;4177.80;20663399;3995;15567.30;62191364;951;4177.80;83.93;3973088;26000.00;24726000;20752912;0;32067;(주)메디안스랩;0;
(주)메디안스랩;09345;# 프리미엄 리뉴얼에센스;80ml;0;0.00;0;7898;9739.68;76924000;6762;16666.83;112701123;1136;3084.40;90.36;3503878;32000.00;36352000;32848122;0;32067;(주)메디안스랩;0;8809412756145
(주)메디안스랩;09347;# 프리미엄 아이크림;50g;0;0.00;0;13847;8077.91;111854800;12294;13769.79;169285748;1553;3346.20;86.62;5196649;25000.00;38825000;33628351;0;32067;(주)메디안스랩;0;8809412756121
(주)메디안스랩;09344;# 프리미엄 에너자이징솔루션;200ml;0;0.00;0;5337;8828.02;47115156;4956;12193.63;60431629;381;4398.90;80.01;1675981;22000.00;8382000;6706019;0;32067;(주)메디안스랩;0;8809412755780
(주)메디안스랩;09346;# 프리미엄 타임리스크림;80g;0;0.00;0;11933;10291.86;122812750;10498;16770.52;176056963;1435;3846.70;89.01;5520015;35000.00;50225000;44704985;0;32067;(주)메디안스랩;0;8809412756138
(주)메디안스랩;05922;# 프리미엄덕용세트_4종;0;0;0.00;0;0;0.00;0;1;47415000.00;47415000;-1;66290.00;54.28;-66290;145000.00;-145000;-78710;0;32067;(주)메디안스랩;0;
(주)메디안스랩;06714;# 프리미엄앰플세트;0;781;39000.01;30459008;20032;35690.84;714958837;19890;62576.50;1244646502;923;19973.80;69.27;18435817;65000.00;59995000;41559183;0;32067;(주)메디안스랩;0;8809412752246
(주)메디안스랩;08886;# 하이드로겔 리제너레이팅 센텔라 크림;80g;1219;4400.00;5363600;40083;4073.31;163270582;39855;10113.28;403064656;1447;3007.40;81.20;4351708;16000.00;23152000;18800292;0;32067;(주)메디안스랩;0;8809412755285
(주)메디안스랩;08887;# 하이드로겔 리제너레이팅 센텔라 크림;250g;2090;8250.00;17242500;20060;7620.47;152866560;21308;19079.46;406545038;842;5911.40;79.62;4977399;29000.00;24418000;19440601;0;32067;(주)메디안스랩;0;8809412755292
(주)메디안스랩;07449;# 하이브리드 워터 모이스춰 크림;50ml;3032;9900.00;30016800;1473;5686.47;8376177;3448;16953.88;58456973;1057;2708.20;90.66;2862567;29000.00;30653000;27790433;0;32067;(주)메디안스랩;0;8809412753243
(주)메디안스랩;07450;# 하이브리드 워터 모이스춰 크림;500ml;863;15400.00;13290200;4943;13671.84;67579893;5056;29013.67;146693102;750;5981.80;89.69;4486350;58000.00;43500000;39013650;0;32067;(주)메디안스랩;0;8809412753274
(주)메디안스랩;10395;# 하이브리드 워터 플루이드 밀키 클렌저;1000ml;0;0.00;0;2017;12312.16;24833635;1066;20898.39;22277687;951;8078.40;82.44;7682558;46000.00;43746000;36063442;0;32067;(주)메디안스랩;0;8809412757142
(주)메디안스랩;07447;# 하이브리드 워터 플루이드 세럼;50ml;3219;7150.00;23015850;915;2875.03;2630650;3619;10740.77;38870847;515;7150.00;73.52;3682250;27000.00;13905000;10222750;0;32067;(주)메디안스랩;0;8809412753243
(주)메디안스랩;10449;# 하이브리드 워터 플루이드 세럼/신용기;500ml;0;0.00;0;1020;4211.90;4296138;662;22597.49;14959538;358;4211.90;90.84;1507860;46000.00;16468000;14960140;0;32067;(주)메디안스랩;0;8809412753250
(주)메디안스랩;08366;# 하이브리드 워터 플루이드 젤 클렌저;140ml;1827;9350.00;17082450;2104;8108.41;17060103;3628;12936.48;46933545;303;5591.30;77.63;1694164;25000.00;7575000;5880836;0;32067;(주)메디안스랩;0;8809412753212
(주)메디안스랩;10023;# 하이브리드 워터 플루이드 젤 클렌저;1000ml;0;0.00;0;2937;15048.39;44197131;2189;24104.80;52765416;748;14835.70;64.68;11097104;42000.00;31416000;20318896;0;32067;(주)메디안스랩;0;8809412753229
(주)메디안스랩;07442;# 하이브리드 워터 플루이드 토너;140ml;1004;8800.00;8835200;2515;7204.39;18119036;3141;10059.03;31595411;378;4346.10;78.27;1642826;20000.00;7560000;5917174;0;32067;(주)메디안스랩;0;8809412753199
(주)메디안스랩;10313;# 하이브리드 워터 플루이드 토너;1000ml;0;0.00;0;2527;27534.01;69578444;1901;20959.81;39844601;626;6055.50;85.58;3790743;42000.00;26292000;22501257;0;32067;(주)메디안스랩;0;8809412757098
(주)메디안스랩;09506;# 화이트니스 라이트닝미스트;200ml;0;0.00;0;2933;6646.90;19495352;2339;12252.50;28658595;594;4917.00;75.42;2920698;20000.00;11880000;8959302;0;32067;(주)메디안스랩;0;8809412756459
(주)메디안스랩;09541;# 화이트니스 라이트닝세럼;80ml;0;0.00;0;3984;6531.80;26022700;3283;17175.55;56387325;701;3045.90;89.85;2135176;30000.00;21030000;18894824;0;32067;(주)메디안스랩;0;8809412756466
(주)메디안스랩;09522;# 화이트니스 코렉터;50ml;0;0.00;0;8260;5451.87;45032460;7977;11139.12;88856798;283;3143.80;85.03;889695;21000.00;5943000;5053305;0;32067;(주)메디안스랩;0;8809412756473
(주)메디안스랩;10332;# 화이트니스 크림;80ml;0;0.00;0;1957;6392.82;12510748;931;17676.02;16456374;1026;3564.00;88.86;3656664;32000.00;32832000;29175336;0;32067;(주)메디안스랩;0;8809412757111
(주)메디안스랩;06726;# 화이트니스앰플세트;0;2099;32450.00;68112550;6875;28324.33;194729773;7647;52150.38;398793967;1327;18218.20;69.12;24175551;59000.00;78293000;54117449;0;32067;(주)메디안스랩;0;8809412752307
(주)메디안스랩;09979;# 히스토랩 아줄렌 디엔에이크림;80ml;0;0.00;0;8223;8354.87;68702100;7213;18497.17;133420108;1010;3227.40;89.91;3259674;32000.00;32320000;29060326;0;32067;(주)메디안스랩;0;8809412756817
(주)메디안스랩;09980;# 히스토랩 아줄렌 디엔에이크림;500ml;0;0.00;0;3035;16647.34;50524687;2589;42086.74;108962577;446;10298.20;83.65;4592997;63000.00;28098000;23505003;0;32067;(주)메디안스랩;0;8809412756800
(주)메디안스랩;09367;# 히스토랩 펩타메이드 샴푸;500ml;0;0.00;0;4028;12000.00;48336000;3772;15794.88;59578295;256;12000.00;68.42;3072000;38000.00;9728000;6656000;0;32067;(주)메디안스랩;0;8809412756183
(주)메디안스랩;09373;# 히스토랩 펩타메이드 스케일러;10ml*8vials;0;0.00;0;1790;18000.00;32220000;1276;12781.80;16309574;514;18000.00;68.97;9252000;58000.00;29812000;20560000;0;32067;(주)메디안스랩;0;8809412756237
(주)메디안스랩;09374;# 히스토랩 펩타메이드 스케일러;150ml;0;0.00;0;1869;21000.00;39249000;1313;15844.06;20803248;556;21000.00;69.12;11676000;68000.00;37808000;26132000;0;32067;(주)메디안스랩;0;8809412756244
(주)메디안스랩;09368;# 히스토랩 펩타메이드 헤어에센스;100ml;0;0.00;0;2014;8500.00;17119000;1455;10042.15;14611331;559;8500.00;69.64;4751500;28000.00;15652000;10900500;0;32067;(주)메디안스랩;0;8809412756251
(주)메디안스랩;10321;# NEW 컨트롤 클리어 크림/신용기;500ml;0;0.00;0;1498;9185.48;13759849;814;24241.27;19732393;684;7725.30;86.20;5284105;56000.00;38304000;33019895;0;32067;(주)메디안스랩;0;8809412753502
(주)메디안스랩;10384;# NEW리커버리 액티브 볼륨 크림(신용기);500g;0;0.00;0;1995;17064.54;34043757;1338;35332.57;47274974;657;10105.70;85.96;6639445;72000.00;47304000;40664555;0;32067;(주)메디안스랩;0;8809412753359
(주)메디안스랩;10388;# NEW인텐-큐어 퍼펙트 리페어 크림(신용기);500ml;0;0.00;0;2005;10126.10;20302838;917;17554.92;16097860;1088;7067.50;87.81;7689440;58000.00;63104000;55414560;0;32067;(주)메디안스랩;0;8809412753670
(주)메디안스랩;09986;# SRGF H1 리셋앰플;5ml*8ea;0;0.00;0;1992;24563.30;48930103;1410;57967.82;81734624;582;10542.40;92.63;6135677;143000.00;83226000;77090323;0;32067;(주)메디안스랩;0;
(주)메디안스랩;06419;#샘플 - 히스토랩 4종사이언스;0;-10;1200.00;-12000;0;0.00;0;240;0.00;0;-250;1200.00;0.00;-300000;0.00;0;300000;0;32067;(주)메디안스랩;0;
(주)메디안스랩;06418;#샘플 - 히스토랩 4종앰플;0;0;0.00;0;0;0.00;0;1050;19.05;20000;-1050;800.00;0.00;-840000;0.00;0;840000;0;32067;(주)메디안스랩;0;
(주)메디안스랩;09175;#히스토랩 트라이앵글필 PA;80ml;0;0.00;0;16631;8570.28;142532400;15995;18936.82;302894472;636;5435.10;86.06;3456724;39000.00;24804000;21347276;0;32067;(주)메디안스랩;0;8809412755568
(주)메디안스랩;09176;#히스토랩 트라이앵글필 PB;80ml;0;0.00;0;18703;8758.91;163817960;17780;18554.71;329902658;923;5504.40;85.89;5080561;39000.00;35997000;30916439;0;32067;(주)메디안스랩;0;8809412755575
(주)메디안스랩;10556;[일본]엘라줄렌 펩타블루 세럼;50ml;0;0.00;0;1072;4004.33;4292638;1014;6454.64;6545000;58;4038.10;0.00;234210;0.00;0;-234210;0;32067;(주)메디안스랩;0;
(주)메디안스랩;10557;[일본]엘라줄렌 펩타블루 크림;50g;0;0.00;0;5228;2721.54;14228234;5026;3437.13;17275000;202;2726.90;0.00;550834;0.00;0;-550834;0;32067;(주)메디안스랩;0;
(주)메디안스랩;08298;단종_페이드아웃 히스토케이크림;500ml;925;21000.00;19425000;848;21000.00;17808000;1775;38891.78;69032909;-2;21000.00;63.79;-42000;58000.00;-116000;-74000;0;32067;(주)메디안스랩;0;
(주)메디안스랩;10516;리커버리 인텐시브 볼륨 에센스/신용기;500ml;0;0.00;0;549;5456.00;2995344;0;0.00;0;549;5456.00;91.73;2995344;66000.00;36234000;33238656;0;32067;(주)메디안스랩;0;
(주)메디안스랩;04596;샘플 - 비타씨 컴플렉스 앰플 47%;1ml;49808;200.00;9961600;1386950;144.49;200404253;1396805;0.00;0;39953;77.00;0.00;3076381;0.00;0;-3076381;0;32067;(주)메디안스랩;0;
(주)메디안스랩;08889;샘플 - 시카&세라&센텔라크림;1ml;94962;300.00;28488600;758003;223.11;169121290;781053;0.10;75486;71912;116.60;0.00;8384939;0.00;0;-8384939;0;32067;(주)메디안스랩;0;
(주)메디안스랩;09926;샘플 - 아오와 13종;0;0;0.00;0;0;0.00;0;678;18.59;12602;-678;.00;0.00;0;0.00;0;0;0;32067;(주)메디안스랩;0;
(주)메디안스랩;09925;샘플 - 아오와 3종사이언스;0;0;0.00;0;0;0.00;0;68;0.00;0;-68;.00;0.00;0;0.00;0;0;0;32067;(주)메디안스랩;0;
(주)메디안스랩;08975;샘플 - 아오와 브라이트닝블레미쉬밤;1ml;41566;300.00;12469800;173750;206.53;35884653;179766;0.67;120317;35550;143.00;0.00;5083650;0.00;0;-5083650;0;32067;(주)메디안스랩;0;
(주)메디안스랩;07487;샘플 - 아오와 아쿠아 솔루션 3열;1ml;74136;330.00;24464880;245640;204.29;50181751;278281;0.57;157799;41495;145.20;0.00;6025074;0.00;0;-6025074;0;32067;(주)메디안스랩;0;
(주)메디안스랩;07490;샘플 - 아오와 아크리스 솔루션 3열;1.2ml;91565;330.00;30216450;252000;191.11;48160778;288699;0.52;149245;54866;113.30;0.00;6216318;0.00;0;-6216318;0;32067;(주)메디안스랩;0;
(주)메디안스랩;07488;샘플 - 아오와 프리미엄 솔루션 3열;1ml;71996;330.00;23758680;263830;237.33;62614061;304454;0.41;125910;31372;165.00;0.00;5176380;0.00;0;-5176380;0;32067;(주)메디안스랩;0;
(주)메디안스랩;04595;샘플 - 아줄렌 컴플렉스 앰플 72%;1ml;27199;200.00;5439800;1445050;152.88;220915992;1437525;0.00;0;34724;78.10;0.00;2711944;0.00;0;-2711944;0;32067;(주)메디안스랩;0;
(주)메디안스랩;04091;샘플 - 아크넥스 폼&세럼&크림;1ml;88987;300.00;26696100;1218086;219.96;267931811;1237774;0.17;212500;69299;92.40;0.00;6403228;0.00;0;-6403228;0;32067;(주)메디안스랩;0;
(주)메디안스랩;09656;샘플 - 엘라줄렌 펩타블루 항노화크림;5g;0;0.00;0;43859;380.48;16687407;42826;109.27;4679490;1033;405.90;0.00;419295;0.00;0;-419295;0;32067;(주)메디안스랩;0;
(주)메디안스랩;04125;샘플 - 워터맥스 폼&세럼&크림;1ml;68951;300.00;20685300;1368483;220.58;301861300;1337406;0.05;63324;100028;94.60;0.00;9462649;0.00;0;-9462649;0;32067;(주)메디안스랩;0;
(주)메디안스랩;04594;샘플 - 이지에프 컴플렉스 앰플 50%;1ml;98260;200.00;19652000;1445204;155.86;225252758;1472291;0.00;0;71173;86.90;0.00;6184934;0.00;0;-6184934;0;32067;(주)메디안스랩;0;
(주)메디안스랩;07495;샘플 - 인텐-큐어 바이탈 컴플렉스 앰플;1ml;78699;264.00;20776536;221600;144.37;31991876;248912;0.36;89809;51387;74.80;0.00;3843748;0.00;0;-3843748;0;32067;(주)메디안스랩;0;
(주)메디안스랩;08925;샘플 - 인텐큐어 선크림;1ml;37512;300.00;11253600;242400;195.55;47401560;226943;0.61;139033;52969;62.70;0.00;3321156;0.00;0;-3321156;0;32067;(주)메디안스랩;0;
(주)메디안스랩;07492;샘플 - 인텐-큐어 카밍 컴플렉스 앰플;1ml;75622;264.00;19964208;245850;167.55;41191002;304185;0.30;89809;17287;88.00;0.00;1521256;0.00;0;-1521256;0;32067;(주)메디안스랩;0;
(주)메디안스랩;07493;샘플 - 인텐-큐어 프리미엄 컴플렉스 앰플;1ml;76011;264.00;20066904;220250;181.98;40081496;283908;0.35;99084;12353;92.40;0.00;1141417;0.00;0;-1141417;0;32067;(주)메디안스랩;0;
(주)메디안스랩;07494;샘플 - 인텐-큐어 하이드로 컴플렉스 앰플;1.2ml;92241;264.00;24351624;199550;134.99;26936540;227924;0.27;62078;63867;63.80;0.00;4074715;0.00;0;-4074715;0;32067;(주)메디안스랩;0;
(주)메디안스랩;10507;샘플 - 트리플 모이스처라이저 올오버 크림;1ml;0;0.00;0;111400;46.20;5146680;74150;0.00;0;37250;46.20;0.00;1720950;0.00;0;-1720950;0;32067;(주)메디안스랩;0;
(주)메디안스랩;09127;샘플 - 펩타이드멀티&세라마이드워터크림;1ml;0;0.00;0;354480;136.94;48541754;312086;2.53;789057;42394;77.00;0.00;3264338;0.00;0;-3264338;0;32067;(주)메디안스랩;0;
(주)메디안스랩;04198;샘플 - 포스트케어 히스토셀크림;1ml;47751;150.00;7162650;723800;103.12;74637875;715036;0.46;330600;56515;55.00;0.00;3108325;0.00;0;-3108325;0;32067;(주)메디안스랩;0;
(주)메디안스랩;03921;샘플 - 프리미엄 세럼&크림&아이크림;1ml;72186;300.00;21655800;1243460;226.00;281027044;1205510;0.04;53324;110136;106.70;0.00;11751511;0.00;0;-11751511;0;32067;(주)메디안스랩;0;
(주)메디안스랩;05547;샘플 - 화이트니스 세럼&크림&스팟;1ml;52029;300.00;15608700;949050;224.20;212777907;927472;0.14;132383;73607;100.10;0.00;7368061;0.00;0;-7368061;0;32067;(주)메디안스랩;0;
(주)메디안스랩;04588;샘플 - 히알루론 컴플렉스 앰플 62%;1ml;86475;200.00;17295000;1395264;140.94;196646347;1445389;0.01;20000;36350;71.50;0.00;2599025;0.00;0;-2599025;0;32067;(주)메디안스랩;0;
(주)메디안스랩;10407;아오와 샤이닝 세라마이드 워터 크림;80g;0;0.00;0;2321;5390.00;12510190;2130;6195.34;13196080;191;5390.00;0.00;1029490;0.00;0;-1029490;0;32067;(주)메디안스랩;0;
(주)메디안스랩;07510;아오와 아크리스 솔루션 앰플세트;0;51;34100.00;1739100;4732;34114.41;161429400;4403;69115.73;304316556;380;34100.00;45.00;12958000;62000.00;23560000;10602000;0;32067;(주)메디안스랩;0;8809412753830
(주)메디안스랩;10406;아오와 펩타이드 하이드로겔 멀티 크림;80g;0;0.00;0;2400;6050.00;14520000;2200;6735.00;14817000;200;6050.00;0.00;1210000;0.00;0;-1210000;0;32067;(주)메디안스랩;0;
(주)메디안스랩;07505;아오와 프리미엄 솔루션 세트 - 덕용;0;0;0.00;0;0;0.00;0;1;72620100.00;72620100;-1;77000.00;46.90;-77000;145000.00;-145000;-68000;0;32067;(주)메디안스랩;0;
(주)메디안스랩;07504;아오와 프리미엄 솔루션 앰플세트;0;13;37950.00;493350;6098;32858.24;200369532;5019;72420.09;363476431;1092;21978.00;68.15;23999976;69000.00;75348000;51348024;0;32067;(주)메디안스랩;0;8809412753823
(주)메디안스랩;09950;엔젤루밍1번세트-크림2+앰플1;0;0;0.00;0;404;32000.00;12928000;251;215170.52;54007800;153;32000.00;-128.57;4896000;14000.00;2142000;-2754000;0;32067;(주)메디안스랩;0;
(주)메디안스랩;09951;엔젤루밍2번세트-크림4+앰플2;0;0;0.00;0;1573;64000.00;100672000;1228;244848.31;300673725;345;64000.00;-128.57;22080000;28000.00;9660000;-12420000;0;32067;(주)메디안스랩;0;
(주)메디안스랩;07476;인텐-큐어 브라이트닝 블레미쉬 밤;50ml;772;10450.00;8067400;7601;9259.55;70381850;7630;14938.78;113982857;743;4417.60;84.22;3282277;28000.00;20804000;17521723;0;32067;(주)메디안스랩;0;8809412753700
(주)메디안스랩;07466;인텐-큐어 프리미엄 컴플렉스 앰플;50ml;1308;12100.00;15826800;3018;12100.00;36517800;4173;18246.09;76140927;153;12100.00;60.97;1851300;31000.00;4743000;2891700;0;32067;(주)메디안스랩;0;
(주)메디안스랩;10143;중국]아오와 엘라줄렌 펩타블루 카밍앰플;50ml;0;0.00;0;3000;14000.00;42000000;1000;6363.52;6363520;2000;14000.00;0.00;28000000;0.00;0;-28000000;0;32067;(주)메디안스랩;0;
(주)메디안스랩;10142;중국]아오와 엘라줄렌 펩타블루 항노화크림;50g;0;0.00;0;5000;9000.00;45000000;2500;4642.24;11605600;2500;9000.00;0.00;22500000;0.00;0;-22500000;0;32067;(주)메디안스랩;0;
(주)메디안스랩;08376;해외_인텐-큐어 바이탈 컴플렉스 앰플;50ml;3416;8800.00;30060800;4673;6962.98;32538000;8014;7893.83;63261175;75;3344.00;87.61;250800;27000.00;2025000;1774200;0;32067;(주)메디안스랩;0;
(주)메디안스랩;10513;히스토랩 앰플레드세트[아줄렌&비타씨];0;0;0.00;0;991;23568.60;23356483;493;65196.75;32142000;498;23568.60;64.29;11737163;66000.00;32868000;21130837;0;32067;(주)메디안스랩;0;
(주)메디안스랩;10514;히스토랩 앰플블루세트[아줄렌&히알루론];0;0;0.00;0;1000;22907.50;22907500;454;65273.13;29634000;546;22907.50;65.29;12507495;66000.00;36036000;23528505;0;32067;(주)메디안스랩;0;
(주)메디안스랩;10515;히스토랩 앰플퍼플세트[아줄렌&이지에프];0;0;0.00;0;1000;25965.50;25965500;994;66019.92;65623800;6;25965.50;60.66;155793;66000.00;396000;240207;0;32067;(주)메디안스랩;0;
(주)메디안스랩;06784;Z(사용안함)아크넥스 델타 액티브크림(타원형);50ml;1494;5640.00;8426160;-2;5640.00;-11280;1494;15239.10;22767215;-2;5640.00;71.80;-11280;20000.00;-40000;-28720;0;32067;(주)메디안스랩;0;
;0;[(주)메디안스랩] 소계;0;1969679;0;2337985182;20261540;0;26061048943;20729380;0;49389384558;1501839;0;0;1297084271;0;6437572400;5140488121;0;0;0;0;
(주)비알코스;06775;씨리얼 화이트닝 마스크팩/미백;25ml (살구);14311;165.00;2361315;12517;224.42;2809045;24816;245.45;6091078;2012;155.00;84.50;311860;1000.00;2012000;1700140;0;32245;(주)비알코스;0;
;0;[(주)비알코스] 소계;0;14311;0;2361315;12517;0;2809045;24816;0;6091078;2012;0;0;311860;0;2012000;1700140;0;0;0;0;
(주)아이썸;07006;# UV 디펜스 마일드 선블록;50ml;1672;3800.00;6353600;3227;2187.05;7057601;4862;3928.71;19101389;37;2178.00;87.90;80586;18000.00;666000;585414;0;20053;(주)아이썸;0;
;0;[(주)아이썸] 소계;0;1672;0;6353600;3227;0;7057601;4862;0;19101389;37;0;0;80586;0;666000;585414;0;0;0;0;
(주)에라토인터내셔널;10351;시그니처 MTS (충전식);0;0;0.00;0;51;117549.02;5995000;39;244923.08;9552000;12;110000.00;68.57;1320000;350000.00;4200000;2880000;0;42443;(주)에라토인터내셔널;0;
;0;[(주)에라토인터내셔널] 소계;0;0;0;0;51;0;5995000;39;0;9552000;12;0;0;1320000;0;4200000;2880000;0;0;0;0;
(주)에스엘씨/1182;03097;# 골드플러스모델링마스크;1KG;2584;6000.00;15504000;21056;6283.43;132303891;21871;35523.49;776934245;1769;8182.90;72.72;14475550;30000.00;53070000;38594450;0;23261;(주)에스엘씨/1182;0;8809336903038
(주)에스엘씨/1182;03096;# 네츄럴라이트닝플러스모델링마스크;1KG;3680;6000.00;22080000;87573;6128.39;536681712;87548;6962.30;609535512;3705;6831.00;77.23;25308855;30000.00;111150000;85841145;0;23261;(주)에스엘씨/1182;0;8809336905421
(주)에스엘씨/1182;03099;# 마린아쿠아플러스모델링마스크;1KG;3497;6000.00;20982000;39603;6189.46;245121114;40611;7335.38;297897186;2489;6831.00;77.23;17002359;30000.00;74670000;57667641;0;23261;(주)에스엘씨/1182;0;8809420567238
(주)에스엘씨/1182;03098;# 실버플러스모델링마스크;1KG;2597;6000.00;15582000;20575;6528.83;134330730;21424;8549.82;183171395;1748;8182.90;72.72;14303709;30000.00;52440000;38136291;0;23261;(주)에스엘씨/1182;0;8809336903045
(주)에스엘씨/1182;07178;# 아오와 마린 모델링 마스크;kg;793;6000.01;4758008;2851;6292.74;17940615;3094;10793.82;33396080;550;6832.10;75.60;3757655;28000.00;15400000;11642345;0;23261;(주)에스엘씨/1182;0;
(주)에스엘씨/1182;07177;# 아오와 브라이트닝 모델링 마스크;kg;246;6000.01;1476002;4918;6169.54;30341798;3977;11050.64;43948403;1187;6832.10;75.60;8109703;28000.00;33236000;25126297;0;23261;(주)에스엘씨/1182;0;
(주)에스엘씨/1182;07176;# 아오와 쿨 모델링 마스크;kg;843;6000.01;5058008;4782;6150.00;29409309;4830;12169.29;58777665;795;6832.10;75.60;5431520;28000.00;22260000;16828480;0;23261;(주)에스엘씨/1182;0;
(주)에스엘씨/1182;03095;# 페퍼민트쿨플러스모델링마스크;1KG;4278;6000.00;25668000;150116;5863.32;880178891;146796;12086.59;1774263114;7598;6831.00;77.23;51901938;30000.00;227940000;176038062;0;23261;(주)에스엘씨/1182;0;8809420567221
(주)에스엘씨/1182;10563;# 히스토로지카 파랑모델링팩;1제2제*10ea;0;0.00;0;3003;12906.30;38757619;2575;24413.32;62864300;428;12906.30;0.00;5523896;0.00;0;-5523896;0;23261;(주)에스엘씨/1182;0;8809575678803
(주)에스엘씨/1182;07242;샘플 - 아오와 골드 모델링 마스크;28g;6211;440.00;2732840;-666;440.00;-293040;5602;5.18;29000;-57;440.00;0.00;-25080;0.00;0;25080;0;23261;(주)에스엘씨/1182;0;
(주)에스엘씨/1182;07240;샘플 - 아오와 마린 모델링 마스크;28g;2403;440.00;1057320;-1184;440.00;-520960;1272;23.58;30000;-53;440.00;0.00;-23320;0.00;0;23320;0;23261;(주)에스엘씨/1182;0;
(주)에스엘씨/1182;07239;샘플 - 아오와 브라이트닝 모델링 마스크;28g;5307;440.00;2335080;-450;146.67;-66000;4914;10.99;54000;-57;440.00;0.00;-25080;0.00;0;25080;0;23261;(주)에스엘씨/1182;0;
(주)에스엘씨/1182;07241;샘플 - 아오와 칼라민 모델링 마스크;28g;2704;440.00;1189760;-1731;433.33;-750090;1024;22.46;23000;-51;110.00;0.00;-5610;0.00;0;5610;0;23261;(주)에스엘씨/1182;0;
(주)에스엘씨/1182;07238;샘플 - 아오와 쿨 모델링 마스크;28g;5836;440.00;2567840;-861;440.00;-378840;5038;8.54;43000;-63;440.00;0.00;-27720;0.00;0;27720;0;23261;(주)에스엘씨/1182;0;
;0;[(주)에스엘씨/1182] 소계;0;40979;0;120990859;329585;0;2043056749;350576;0;3840966900;19988;0;0;145708375;0;590166000;444457625;0;0;0;0;
(주)오멜론코리아/권기덕;07169;오메가라이트-슬림;0;13;440000.00;5720000;0;0.00;0;8;170000.00;1360000;5;440000.00;56.00;2200000;1000000.00;5000000;2800000;0;28318;(주)오멜론코리아/권기덕;0;
;0;[(주)오멜론코리아/권기덕] 소계;0;13;0;5720000;0;0;0;8;0;1360000;5;0;0;2200000;0;5000000;2800000;0;0;0;0;
(주)옵토바이오메드;08566;데모_더마비전_뷰티에디션;VIU LAB;1;2662000.00;2662000;0;0.00;0;0;0.00;0;1;2662000.00;-266199900.00;2662000;1.00;1;-2661999;0;35113;(주)옵토바이오메드;0;
;0;[(주)옵토바이오메드] 소계;0;1;0;2662000;0;0;0;0;0;0;1;0;0;2662000;0;1;-2661999;0;0;0;0;
(주)위노바;07002;1차)스템스리뉴얼 크림;50ml;8;3600.00;28800;5545;3599.35;19958400;4665;4833.72;22549325;888;3600.00;85.00;3196800;24000.00;21312000;18115200;0;32658;(주)위노바;0;
(주)위노바;07088;3차)T]케어스타터 건성용;400ml;1593;5200.00;8283600;896;5234.82;4690400;2082;4119.93;8577688;407;5200.00;79.20;2116400;25000.00;10175000;8058600;0;32658;(주)위노바;0;
(주)위노바;07089;3차)T]케어스타터 지성용;400ml;2138;5200.00;11117600;848;5242.92;4446000;2619;2231.43;5844105;367;5200.00;79.20;1908400;25000.00;9175000;7266600;0;32658;(주)위노바;0;
;0;[(주)위노바] 소계;0;3739;0;19430000;7289;0;29094800;9366;0;36971118;1662;0;0;7221600;0;40662000;33440400;0;0;0;0;
(주)즐겨찾기;09609;아오와 토끼 세안밴드-자수포함;네이비;0;0.00;0;4197;2165.81;9089924;2226;780.65;1737721;1971;2233.00;55.34;4401243;5000.00;9855000;5453757;0;39367;(주)즐겨찾기;0;
;0;[(주)즐겨찾기] 소계;0;0;0;0;4197;0;9089924;2226;0;1737721;1971;0;0;4401243;0;9855000;5453757;0;0;0;0;
(주)지에프테크;10022;#백색펌프 - [출고용]아오와 1200&1000ml 32파이;대롱길이 183mm;0;0.00;0;27440;239.13;6561830;24532;0.00;0;2908;220.00;0.00;639760;0.00;0;-639760;0;32182;(주)지에프테크;0;
;0;[(주)지에프테크] 소계;0;0;0;0;27440;0;6561830;24532;0;0;2908;0;0;639760;0;0;-639760;0;0;0;0;
[개인]다비드화장품;06951;# 1차)트리플워터존 크림;50ml;484;3500.00;1694000;3493;3498.00;12218500;2046;5475.53;11202943;1931;3500.00;82.50;6758500;20000.00;38620000;31861500;0;32519;[개인]다비드화장품;0;
;0;[[개인]다비드화장품] 소계;0;484;0;1694000;3493;0;12218500;2046;0;11202943;1931;0;0;6758500;0;38620000;31861500;0;0;0;0;
[매입]이디솔루션/천경성;05789;# 아쿠아랩(AquaLab);팁 포함;46;1100000.00;50600000;657;1531737.07;1006351253;613;697381.89;427495101;90;992447.50;66.92;89320275;3000000.00;270000000;180679725;0;35032;[매입]이디솔루션/천경성;0;
[매입]이디솔루션/천경성;08667;아오와_바이탈랩;0;3;990000.00;2970000;40;990000.00;39600000;42;972214.29;40833000;1;990000.00;40.00;990000;1650000.00;1650000;660000;0;35032;[매입]이디솔루션/천경성;0;
[매입]이디솔루션/천경성;08880;아오와_이온스;0;78;500000.00;39000000;67;97014.93;6500000;117;234086.32;27388100;28;500000.00;41.18;14000000;850000.00;23800000;9800000;0;35032;[매입]이디솔루션/천경성;0;
[매입]이디솔루션/천경성;08737;카트_아오와_고주파랩(RF-LAB);0;1;0.01;0;69;1.00;69;29;0.00;0;41;1.00;0.00;41;1.00;41;0;0;35032;[매입]이디솔루션/천경성;0;
[매입]이디솔루션/천경성;08879;카트_아오와_이온스;0;78;0.01;1;170;0.42;71;119;0.00;0;129;.01;99.00;1;1.00;129;128;0;35032;[매입]이디솔루션/천경성;0;
[매입]이디솔루션/천경성;08733;카트_아오와_크라이오랩;0;13;0.01;0;60;1.00;60;56;0.00;0;17;1.00;0.00;17;1.00;17;0;0;35032;[매입]이디솔루션/천경성;0;
[매입]이디솔루션/천경성;08736;카트_히스토랩_고주파랩(RF-LAB);0;16;0.01;0;270;1.00;270;230;0.00;0;56;1.00;0.00;56;1.00;56;0;0;35032;[매입]이디솔루션/천경성;0;
[매입]이디솔루션/천경성;08734;카트_히스토랩_바이탈랩;0;29;0.01;0;307;1.00;307;270;0.00;0;66;1.00;0.00;66;1.00;66;0;0;35032;[매입]이디솔루션/천경성;0;
[매입]이디솔루션/천경성;08824;카트_히스토랩_소노랩;0;11;1.00;11;655;1.00;655;644;0.00;0;22;1.00;0.00;22;1.00;22;0;0;35032;[매입]이디솔루션/천경성;0;
[매입]이디솔루션/천경성;08878;카트_히스토랩_이온스;0;99;0.01;1;28;1.07;30;103;0.00;0;24;1.00;0.00;24;1.00;24;0;0;35032;[매입]이디솔루션/천경성;0;
[매입]이디솔루션/천경성;08732;카트_히스토랩_크라이오랩;0;45;0.01;0;491;1.00;491;397;0.00;0;139;1.00;0.00;139;1.00;139;0;0;35032;[매입]이디솔루션/천경성;0;
[매입]이디솔루션/천경성;08665;히스토랩_바이탈랩;0;29;990000.00;28710000;310;908598.23;281665451;267;337141.05;90016660;72;737654.50;55.29;53111124;1650000.00;118800000;65688876;0;35032;[매입]이디솔루션/천경성;0;
[매입]이디솔루션/천경성;08730;히스토랩_소노랩;0;4;1100000.00;4400000;657;1030146.07;676805969;643;830926.77;534285914;18;913438.90;63.46;16441900;2500000.00;45000000;28558100;0;35032;[매입]이디솔루션/천경성;0;
[매입]이디솔루션/천경성;08877;히스토랩_이온스;0;97;500000.00;48500000;30;500000.00;15000000;103;89655.34;9234500;24;500000.00;41.18;12000000;850000.00;20400000;8400000;0;35032;[매입]이디솔루션/천경성;0;
[매입]이디솔루션/천경성;08465;히스토랩_크라이오랩;0;45;1000000.00;45000000;323;739938.08;239000000;363;843333.87;306130194;5;1000000.00;50.00;5000000;2000000.00;10000000;5000000;0;35032;[매입]이디솔루션/천경성;0;
;0;[[매입]이디솔루션/천경성] 소계;0;594;0;219180014;4134;0;2264924626;3996;0;1435383469;732;0;0;190863665;0;489650494;298786829;0;0;0;0;
[소모품은선결제]SJ글로벌;06780;카트_크라이오셀 II;0;10;0.01;0;-1;1.00;-1;6;0.00;0;3;1.00;0.00;3;1.00;3;0;0;20105;[소모품은선결제]SJ글로벌;0;
;0;[[소모품은선결제]SJ글로벌] 소계;0;10;0;0;-1;0;-1;6;0;0;3;0;0;3;0;3;0;0;0;0;0;
[카과]상장다모아;08823;상장케이스_가로형;0;159;1870.00;297330;0;0.00;0;27;0.00;0;132;1870.00;-186900.00;246840;1.00;132;-246708;0;35140;[카과]상장다모아;0;
[카과]상장다모아;08589;상장케이스_세로형;0;10;1870.00;18700;700;1917.14;1342000;648;785.11;508749;62;1980.00;-197900.00;122760;1.00;62;-122698;0;35140;[카과]상장다모아;0;
;0;[[카과]상장다모아] 소계;0;169;0;316030;700;0;1342000;675;0;508749;194;0;0;369600;0;194;-369406;0;0;0;0;
경배케미칼;07512;비닐쇼핑백 아오와 - 중;27*38(M4);820;135.30;110946;42700;139.34;5950010;42660;2.09;88995;860;154.00;0.00;132440;0.00;0;-132440;0;31819;경배케미칼;0;
;0;[경배케미칼] 소계;0;820;0;110946;42700;0;5950010;42660;0;88995;860;0;0;132440;0;0;-132440;0;0;0;0;
고려기프트;10047;아오와 핸디 선풍기(F31)_품번 A463850_로고인쇄;카키;0;0.00;0;100;4895.00;489500;95;0.00;0;5;4895.00;-489400.00;24475;1.00;5;-24470;0;31389;고려기프트;0;
;0;[고려기프트] 소계;0;0;0;0;100;0;489500;95;0;0;5;0;0;24475;0;5;-24470;0;0;0;0;
국산;03143;비닐쇼핑백 히스토랩 - 대;47*60(M5);9373;225.50;2113612;8000;256.30;2050400;16915;0.00;0;458;256.30;0.00;117385;0.00;0;-117385;0;20116;국산;0;
국산;02925;비닐쇼핑백 히스토랩 - 중;27*38(M4) 두께0.11 양면2도;23703;117.70;2789843;87700;125.06;10967440;105451;0.00;0;5952;126.50;0.00;752928;0.00;0;-752928;0;20116;국산;0;
국산;06064;세트포장비;0;-445;2750.00;-1223750;0;0.00;0;0;0.00;0;-445;2750.00;-274900.00;-1223750;1.00;-445;1223305;0;20116;국산;0;
국산;03129;히스토랩 3종 시트마스크 단상자;0;11758;267.62;3146676;0;0.00;0;11818;279.24;3300000;-60;267.62;0.00;-16057;0.00;0;16057;0;20116;국산;0;
;0;[국산] 소계;0;44389;0;6826381;95700;0;13017840;134184;0;3300000;5905;0;0;-369494;0;-445;369049;0;0;0;0;
기타구매처;07316;# 프라우드메리 토너&미스트 공병세트;0;2871;810.70;2327520;0;0.00;0;789;0.00;0;2082;810.70;-80970.00;1687877;1.00;2082;-1685795;0;23640;기타구매처;0;
기타구매처;09998;[사은품]아오와 세안브러쉬_로고인쇄;0;0;0.00;0;135;2410.74;325450;133;0.00;0;2;2410.74;0.00;4821;0.00;0;-4821;0;23640;기타구매처;0;
기타구매처;10435;[사은품]아오와 PVC 홀로그램 화장품파우치;0;0;0.00;0;150;1920.00;288000;110;0.00;0;40;1920.00;0.00;76800;0.00;0;-76800;0;23640;기타구매처;0;
기타구매처;10326;[사은품]하트 마사지 괄사기_아오와;0;0;0.00;0;150;1507.27;226091;141;0.00;0;9;1500.00;0.00;13500;0.00;0;-13500;0;23640;기타구매처;0;
기타구매처;09510;아오와 토끼 세안밴드-자수포함;화이트;0;0.00;0;200;1300.00;260000;184;673.91;124000;16;1300.00;74.00;20800;5000.00;80000;59200;0;23640;기타구매처;0;
;0;[기타구매처] 소계;0;2871;0;2327520;635;0;1099541;1357;0;124000;2149;0;0;1803799;0;82082;-1721716;0;0;0;0;
두두피앤피/이상범;07077;스티커 - 히스토랩정품스티커(대) 28*37;0;-75000;9.90;-742500;1709000;9.36;15995100;1608500;0.00;0;25500;5.50;-450.00;140250;1.00;25500;-114750;0;32794;두두피앤피/이상범;0;
두두피앤피/이상범;07078;스티커 - 히스토랩정품스티커(소) 19*19;0;0;0.00;0;40000;6.88;275000;28500;0.00;0;11500;4.40;-340.00;50600;1.00;11500;-39100;0;32794;두두피앤피/이상범;0;
;0;[두두피앤피/이상범] 소계;0;-75000;0;-742500;1749000;0;16270100;1637000;0;0;37000;0;0;190850;0;37000;-153850;0;0;0;0;
바이오에프디엔씨;04938;원료 - 이지에프 kg(CN-peptide Complex);0;0;0.00;0;400;44000.00;17600000;0;0.00;0;400;44000.00;-4399900.00;17600000;1.00;400;-17599600;0;26606;바이오에프디엔씨;0;
바이오에프디엔씨;05455;원료)상처재생 컴플렉스 55ppm;kg;0;0.00;0;5;330000.00;1650000;0;0.00;0;5;330000.00;-32999900.00;1650000;1.00;5;-1649995;0;26606;바이오에프디엔씨;0;
;0;[바이오에프디엔씨] 소계;0;0;0;0;405;0;19250000;0;0;0;405;0;0;19250000;0;405;-19249595;0;0;0;0;
삼융/김관현;09872;MD진열대_로션&크림;0;0;0.00;0;300;15565.00;4669500;72;0.00;0;228;15565.00;0.00;3548820;0.00;0;-3548820;0;31244;삼융/김관현;0;
;0;[삼융/김관현] 소계;0;0;0;0;300;0;4669500;72;0;0;228;0;0;3548820;0;0;-3548820;0;0;0;0;
성원애드피아;10012;포스터-아줄렌카밍앰플&SRGF H1 리셋앰플;0;0;0.00;0;2;1100.00;2200;0;0.00;0;2;1100.00;-109900.00;2200;1.00;2;-2198;0;32530;성원애드피아;0;
;0;[성원애드피아] 소계;0;0;0;0;2;0;2200;0;0;0;2;0;0;2200;0;2;-2198;0;0;0;0;
성원애드피아몰;10003;미니배너-아오와 아쿠아 라인;0;0;0.00;0;100;1940.68;194068;92;0.00;0;8;1940.68;0.00;15525;0.00;0;-15525;0;40279;성원애드피아몰;0;
성원애드피아몰;09973;미니배너-아오와 아크리스 라인;0;0;0.00;0;105;2031.60;213318;103;0.00;0;2;1940.68;0.00;3881;0.00;0;-3881;0;40279;성원애드피아몰;0;
성원애드피아몰;10004;미니배너-아오와 프리미엄 라인;0;0;0.00;0;100;1940.67;194067;97;0.00;0;3;1940.67;0.00;5822;0.00;0;-5822;0;40279;성원애드피아몰;0;
성원애드피아몰;09993;미니배너-아줄렌카밍앰플&SRGF H1 리셋앰플;0;0;0.00;0;200;2084.64;416927;128;0.00;0;72;1940.67;0.00;139728;0.00;0;-139728;0;40279;성원애드피아몰;0;
;0;[성원애드피아몰] 소계;0;0;0;0;505;0;1018380;420;0;0;85;0;0;164957;0;0;-164956;0;0;0;0;
세종플라스틱(아폴로);05457;[사용중단]펌프-오각용기 1200ml/백색/20cm;0;1913;700.94;1340898;81696;724.84;59216784;81780;25.76;2106805;1829;731.50;-73050.00;1337914;1.00;1829;-1336085;0;25519;세종플라스틱(아폴로);0;
;0;[세종플라스틱(아폴로)] 소계;0;1913;0;1340898;81696;0;59216784;81780;0;2106805;1829;0;0;1337914;0;1829;-1336085;0;0;0;0;
수입;10150;# 메디라이트;0;0;0.00;0;962;246476.59;237110476;651;176161.18;114680925;311;275130.90;0.00;85565710;0.00;0;-85565710;0;22472;수입;0;
;0;[수입] 소계;0;0;0;0;962;0;237110476;651;0;114680925;311;0;0;85565710;0;0;-85565710;0;0;0;0;
아람휴비스(주);07018;피부진단기;ASW-100;0;0.00;0;1;1320000.00;1320000;0;0.00;0;1;1320000.00;34.00;1320000;2000000.00;2000000;680000;0;24468;아람휴비스(주);0;
;0;[아람휴비스(주)] 소계;0;0;0;0;1;0;1320000;0;0;0;1;0;0;1320000;0;2000000;680000;0;0;0;0;
에버코스;04527;# 센스티브스킨 썬블록 포에버플러스;50g;5069;5300.00;26865700;196282;4872.28;956340709;192722;11756.98;2265829575;8629;3920.40;79.37;33829132;19000.00;163951000;130121868;0;24703;에버코스;0;8805566909451
에버코스;07474;# 인텐-큐어 쉴드 플러스 선 에센스;50ml;2859;7700.00;22014300;26809;6322.60;169502575;25169;11884.69;299125660;4499;4411.00;80.82;19845089;23000.00;103477000;83631911;0;24703;에버코스;0;8805566011710
에버코스;07172;# 포스트케어 썬블록365플러스;50g;4064;5100.00;20726400;39125;4695.75;183721257;40867;10131.27;414034678;2322;3341.80;82.41;7759660;19000.00;44118000;36358340;0;24703;에버코스;0;8805566011215
에버코스;08418;#샘플 - 포에버&365플러스 썬크림;1g;108000;300.00;32400000;1205875;230.30;277708243;1211143;0.00;60;102732;128.70;0.00;13221608;0.00;0;-13221608;0;24703;에버코스;0;
에버코스;10530;샘플 - 인텐큐어 선에센스;1ml;0;0.00;0;68200;48.40;3300880;20639;2.72;56067;47561;48.40;0.00;2301952;0.00;0;-2301952;0;24703;에버코스;0;
;0;[에버코스] 소계;0;119992;0;102006400;1536291;0;1590573664;1490540;0;2979046040;165743;0;0;76957441;0;311546000;234588559;0;0;0;0;
에스메디글로벌;06863;오메가라이트-듀얼;0;18;1100000.00;19800000;0;0.00;0;1;0.00;0;17;1100000.00;60.00;18700000;2750000.00;46750000;28050000;0;26771;에스메디글로벌;0;
;0;[에스메디글로벌] 소계;0;18;0;19800000;0;0;0;1;0;0;17;0;0;18700000;0;46750000;28050000;0;0;0;0;
예담디앤피;07602;배너 - 아쿠아랩(영문);0;0;0.00;0;50;14454.00;722700;39;0.00;0;11;12576.67;-1257567.00;138343;1.00;11;-138332;0;28422;예담디앤피;0;
;0;[예담디앤피] 소계;0;0;0;0;50;0;722700;39;0;0;11;0;0;138343;0;11;-138332;0;0;0;0;
전향산업;07424;지퍼백 아오와 - 대;5*20*30;14040;31.35;440154;11000;39.16;430760;15040;0.00;0;10000;39.16;0.00;391600;0.00;0;-391600;0;31040;전향산업;0;
전향산업;07423;지퍼백 아오와 - 중;5*15*21.5;47520;18.70;888624;90960;20.54;1868262;130780;0.00;0;7700;23.43;0.00;180411;0.00;0;-180411;0;31040;전향산업;0;
;0;[전향산업] 소계;0;61560;0;1328778;101960;0;2299022;145820;0;0;17700;0;0;572011;0;0;-572011;0;0;0;0;
조양산업;06737;Z(사용안함)수축필름 - 마사지오일 1000ml;146*155;5000;38.50;192500;0;0.00;0;0;0.00;0;5000;38.50;-3750.00;192500;1.00;5000;-187500;0;27921;조양산업;0;
;0;[조양산업] 소계;0;5000;0;192500;0;0;0;0;0;0;5000;0;0;192500;0;5000;-187500;0;0;0;0;
주식회사 조양메딕스;08826;카트_조양_소노자임;0;4;0.01;0;0;0.00;0;0;0.00;0;4;.01;99.00;0;1.00;4;4;0;32991;주식회사 조양메딕스;0;
;0;[주식회사 조양메딕스] 소계;0;4;0;0;0;0;0;0;0;0;4;0;0;0;0;4;4;0;0;0;0;
케이원메드;08406;라디오프로 - 프로쉐이프II;0;0;0.00;0;0;0.00;0;-1;0.00;0;1;935000.00;57.50;935000;2200000.00;2200000;1265000;0;22647;케이원메드;0;
;0;[케이원메드] 소계;0;0;0;0;0;0;0;-1;0;0;1;0;0;935000;0;2200000;1265000;0;0;0;0;
케이피알;06853;# 종이쇼핑백_히스토랩 3종공용 앰플세트;345*65*270;2990;862.18;2577918;43089;1633.19;70372631;45258;0.00;4;821;815.43;0.00;669468;0.00;0;-669468;0;27463;케이피알;0;
케이피알;04149;# 종이쇼핑백_히스토랩 기본형;245*100*210;3675;685.94;2520830;15547;769.75;11967237;17362;9.22;160000;1860;770.00;0.00;1432200;0.00;0;-1432200;0;27463;케이피알;0;
케이피알;06854;# 종이쇼핑백_히스토랩 아크넥스 앰플세트;380*65*270;1976;1005.76;1987382;15000;957.12;14356780;15136;0.00;2;1840;957.12;0.00;1761101;0.00;0;-1761101;0;27463;케이피알;0;
케이피알;09454;망사파우치 - 프라우드메리;0;0;0.00;0;3046;3652.00;11123992;388;391.75;152000;2658;3652.00;-365100.00;9707016;1.00;2658;-9704358;0;27463;케이피알;0;
케이피알;09715;선물세트 - 아오와 홈쇼핑용 8차;0;0;0.00;0;3082;1320.16;4068740;1992;0.00;0;1090;1326.83;-132583.00;1446245;1.00;1090;-1445155;0;27463;케이피알;0;
케이피알;07425;아오와 3종 시트마스크 단상자;0;12356;287.76;3555563;-1900;352.88;-670472;4045;0.00;0;6411;288.00;0.00;1846368;0.00;0;-1846368;0;27463;케이피알;0;
케이피알;09761;아오와 고객관리 카드;0;0;0.00;0;1000;1500.00;1500000;780;243.59;190000;220;1500.00;0.00;330000;0.00;0;-330000;0;27463;케이피알;0;
케이피알;08754;아오와 샘플파우치 케이스(리뉴얼);230*124;8950;181.79;1627021;0;0.00;0;210;0.00;0;8740;181.79;-18079.00;1588845;1.00;8740;-1580105;0;27463;케이피알;0;
케이피알;09936;아오와 스케쥴러;0;0;0.00;0;1200;2415.64;2898773;715;0.00;0;485;2415.64;0.00;1171585;0.00;0;-1171585;0;27463;케이피알;0;
케이피알;09946;아오와 카다로그(단가표포함);0;0;0.00;0;0;0.00;0;11;0.00;0;-11;1.00;0.00;-11;1.00;-11;0;0;27463;케이피알;0;
케이피알;07503;종이쇼핑백_아오와 3종공용 앰플세트;345*65*270;2321;936.16;2172827;9063;953.42;8640855;10941;0.00;0;443;929.55;0.00;411791;0.00;0;-411791;0;27463;케이피알;0;
케이피알;07501;종이쇼핑백_아오와 기본형;245*100*210;1209;1002.14;1211587;3000;721.22;2163645;3330;0.00;0;879;721.22;0.00;633952;0.00;0;-633952;0;27463;케이피알;0;
케이피알;07502;종이쇼핑백_아오와 아크리스앰플세트;380*65*270;338;1138.48;384806;4308;1083.28;4666789;4451;0.00;0;195;1083.15;0.00;211214;0.00;0;-211214;0;27463;케이피알;0;
케이피알;08685;히스토랩 4종 시트마스크 단상자;0;3573;283.85;1014196;89925;239.68;21553108;82916;0.39;32000;10582;183.70;0.00;1943913;0.00;0;-1943913;0;27463;케이피알;0;
;0;[케이피알] 소계;0;37388;0;17052129;186360;0;152642078;187535;0;534006;36213;0;0;23153687;0;12477;-23141210;0;0;0;0;
코스메카코리아;06137;# 선샤인 블레미쉬 밤;50g;2600;5900.00;15340000;18092;4500.84;81429253;18697;12827.70;239839555;1995;4056.80;83.10;8093316;24000.00;47880000;39786684;0;20065;코스메카코리아;0;8809362066790
코스메카코리아;10443;# 아오와 비파이브 하이드레이션 앰플;30ml;0;0.00;0;8042;3052.50;24548205;5143;8401.52;43209004;2899;3052.50;87.28;8849198;24000.00;69576000;60726802;0;20065;코스메카코리아;0;8809783327784
코스메카코리아;10444;# 아오와 엔티지 화이트닝 앰플;30ml;0;0.00;0;14022;3690.50;51748191;11577;8371.70;96919204;2445;3690.50;84.62;9023273;24000.00;58680000;49656727;0;20065;코스메카코리아;0;8809783327777
코스메카코리아;10560;# 아오와 엔티지 화이트닝 크림;50ml;0;0.00;0;4908;2918.30;14323016;3955;7632.01;30184600;953;2918.30;87.84;2781140;24000.00;22872000;20090860;0;20065;코스메카코리아;0;8809783329894
코스메카코리아;07091;# 포스트케어 썬블레미쉬밤;50g;3653;4900.01;17899737;54328;4625.44;251291128;57607;11854.33;682892424;374;3641.00;84.83;1361734;24000.00;8976000;7614266;0;20065;코스메카코리아;0;8809525240050
코스메카코리아;10467;# 히스토로지카 레티놀 세럼;50ml;0;0.00;0;4964;7216.00;35820224;1043;58501.40;61016961;3921;7216.00;87.77;28293936;59000.00;231339000;203045064;0;20065;코스메카코리아;0;8809783327517
코스메카코리아;10468;# 히스토로지카 레티놀 크림;30ml;0;0.00;0;4948;2633.40;13030063;418;5553.70;2321446;4530;2633.40;96.18;11929302;69000.00;312570000;300640698;0;20065;코스메카코리아;0;8809783327524
코스메카코리아;08419;샘플 - 포스트케어&선샤인 블레미쉬밤;1g;141783;300.00;42534900;683800;223.25;152658158;742420;0.09;69986;83163;121.00;0.00;10062723;0.00;0;-10062723;0;20065;코스메카코리아;0;
;0;[코스메카코리아] 소계;0;148036;0;75774637;793104;0;624848238;840860;0;1156453180;100280;0;0;80394621;0;751893000;671498378;0;0;0;0;
코스모C&T;06380;데모 - 코스모)바이탈 4;0;1;990000.00;990000;0;0.00;0;0;0.00;0;1;990000.00;-98999900.00;990000;1.00;1;-989999;0;27871;코스모C&T;0;
;0;[코스모C&T] 소계;0;1;0;990000;0;0;0;0;0;0;1;0;0;990000;0;1;-989999;0;0;0;0;
토탈패키지;05089;비닐쇼핑백 히스토랩 - 소;20*28(M4) 두께0.11 양면2도;21230;80.30;1704769;171200;91.58;15678410;180480;0.00;0;11950;99.00;0.00;1183050;0.00;0;-1183050;0;25993;토탈패키지;0;
;0;[토탈패키지] 소계;0;21230;0;1704769;171200;0;15678410;180480;0;0;11950;0;0;1183050;0;0;-1183050;0;0;0;0;
티코스;09424;무지용기-히스토랩 펩타 메이드 헤어 에센스 100ml;0;0;0.00;0;3000;176.00;528000;-224;0.00;0;3224;176.00;-17500.00;567424;1.00;3224;-564200;0;34775;티코스;0;
티코스;09423;오일펌프-히스토랩 펩타 메이드 헤어 에센스 100ml;24파이;0;0.00;0;3000;660.00;1980000;0;0.00;0;3000;660.00;-65900.00;1980000;1.00;3000;-1977000;0;34775;티코스;0;
;0;[티코스] 소계;0;0;0;0;6000;0;2508000;-224;0;0;6224;0;0;2547424;0;6224;-2541200;0;0;0;0;
하나산업;06278;겟도바시 - 프리미엄/화이트니스 앰플세트;0;100;275.00;27500;1759;312.52;549725;255;0.00;0;1604;341.00;-34000.00;546964;1.00;1604;-545360;0;28177;하나산업;0;
하나산업;09360;겟도바시 - 히스토랩 펩타 메이드 스케일러 10ml*8vials;194*150*46/FPS순백무광시트/PS/0.7T;0;0.00;0;3080;297.00;914760;-180;0.00;0;3260;297.00;0.00;968220;0.00;0;-968220;0;28177;하나산업;0;
하나산업;09359;겟도바시 - 히스토랩 펩타 메이드 앰플 5ml*8vials;187*126.5*41/FPS순백무광시트/PS/0.7T;0;0.00;0;2400;283.25;679800;-20;0.00;0;2420;297.00;-29600.00;718740;1.00;2420;-716320;0;28177;하나산업;0;
;0;[하나산업] 소계;0;100;0;27500;7239;0;2144285;55;0;0;7284;0;0;2233924;0;4024;-2229900;0;0;0;0;
한국콜마;09981;# 히스토랩 아줄렌 톤업크림;50ml;0;0.00;0;9093;4662.37;42394938;7637;13187.35;100711795;1456;4129.40;82.79;6012406;24000.00;34944000;28931594;0;10441;한국콜마;0;8809782556161
;0;[한국콜마] 소계;0;0;0;0;9093;0;42394938;7637;0;100711795;1456;0;0;6012406;0;34944000;28931594;0;0;0;0;
한국특수인쇄지기 최윤철;02353;히스토랩 단가표;0;4488;617.93;2773270;0;0.00;0;4489;-0.11;-500;-1;617.93;-23.59;-618;500.00;-500;118;0;26426;한국특수인쇄지기 최윤철;0;
;0;[한국특수인쇄지기 최윤철] 소계;0;4488;0;2773270;0;0;0;4489;0;-500;-1;0;0;-618;0;-500;118;0;0;0;0;
한일수출포장;04554;아웃박스-5호/물류전용;310*210*310;1180;528.00;623040;48357;485.76;23490115;49637;0.00;0;-100;495.00;-49400.00;-49500;1.00;-100;49400;0;28966;한일수출포장;0;
한일수출포장;04241;아웃박스-6호/물류전용;290*185*190;100;346.50;34650;32976;312.14;10292985;33196;0.00;0;-120;330.00;-32900.00;-39600;1.00;-120;39480;0;28966;한일수출포장;0;
한일수출포장;04555;아웃박스-7호/물류전용;235*150*135;2400;198.00;475200;45059;210.77;9496938;47704;0.00;0;-245;220.00;-21900.00;-53900;1.00;-245;53655;0;28966;한일수출포장;0;
;0;[한일수출포장] 소계;0;3680;0;1132890;126392;0;43280038;130537;0;0;-465;0;0;-143000;0;-465;142535;0;0;0;0;
현성비닐포장;04779;지퍼백 히스토랩 - 대;5*20*30;32480;31.35;1018248;20000;36.58;731500;43480;0.00;0;9000;41.80;0.00;376200;0.00;0;-376200;0;26715;현성비닐포장;0;
현성비닐포장;04854;지퍼백 히스토랩 - 소;10*12;34020;8.80;299376;40900;11.10;453926;72810;0.00;0;2110;11.22;0.00;23674;0.00;0;-23674;0;26715;현성비닐포장;0;
현성비닐포장;04778;지퍼백 히스토랩 - 중;5*15*21.5;176996;18.70;3309825;277200;20.65;5725104;453106;0.00;0;1090;23.43;0.00;25539;0.00;0;-25539;0;26715;현성비닐포장;0;
;0;[현성비닐포장] 소계;0;243496;0;4627449;338100;0;6910530;569396;0;0;12200;0;0;425413;0;0;-425413;0;0;0;0;
히트커뮤니케이션;08246;쇼케이스 - 아오와;0;4;360506.00;1442024;61;275306.13;16793674;63;0.00;0;2;223737.80;-22373680.00;447476;1.00;2;-447474;0;28269;히트커뮤니케이션;0;
히트커뮤니케이션;08247;쇼케이스 - 프라우드메리;0;3;473000.00;1419000;0;0.00;0;5;0.00;0;-2;473000.00;-47299900.00;-946000;1.00;-2;945998;0;28269;히트커뮤니케이션;0;
히트커뮤니케이션;08248;쇼케이스 - 히스토랩[블랙];0;0;0.00;0;292;264965.06;77369798;260;0.00;0;32;360506.00;-36050500.00;11536192;1.00;32;-11536160;0;28269;히트커뮤니케이션;0;
;0;[히트커뮤니케이션] 소계;0;7;0;2861024;353;0;94163472;328;0;0;32;0;0;11037668;0;32;-11037636;0;0;0;0;
;0;합   계;0;2651644;0;2956827591;25902320;0;33380778723;26608239;0;59109305171;1945725;0;0;1997923004;0;8767884778;6769961767;0;0;0;0;
